imdb_id,type,title,director,language,country,year,released_at,runtime,imdb_rating,metascore,imdb_votes,rated,avg_score_imdb_meta,avg_score_available,release_decade,country_group
tt0147800,movie,10 Things I Hate About You,Gil Junger,"English, French",USA,1999,1999-03-31,97,7.3,70.0,283945,PG-13,0.715,0.715,1990,usa
tt7019028,series,101 Dalmatian Street,,English,"UK, USA, Canada",2018,2019-03-25,,6.2,,124,,,0.62,2010,usa_other
tt0115433,movie,101 Dalmatians,Stephen Herek,"English, Spanish","USA, UK",1996,1996-11-27,103,5.7,49.0,97785,G,0.53,0.53,1990,usa_other
tt0324941,movie,101 Dalmatians 2: Patch's London Adventure,"Jim Kammerud, Brian Smith",English,USA,2002,2003-01-21,74,5.8,,7434,G,,0.58,2000,usa
tt0211181,movie,102 Dalmatians,Kevin Lima,English,"USA, UK",2000,2000-11-22,100,4.9,35.0,33444,G,0.42000000000000004,0.42000000000000004,2000,usa_other
tt1846442,movie,12 Dates of Christmas,James Hayman,English,USA,2011,2011-12-11,90,6.3,,4933,PG,,0.63,2010,usa
tt0046672,movie,"20,000 Leagues Under the Sea",Richard Fleischer,English,USA,1954,1955-07-20,127,7.2,83.0,27761,G,0.7749999999999999,0.7749999999999999,1950,usa
tt0120623,movie,A Bug's Life,"John Lasseter, Andrew Stanton(co-director)",English,USA,1998,1998-11-25,95,7.2,77.0,257065,G,0.745,0.745,1990,usa
tt12076020,movie,A Celebration of the Music from Coco,Ron de Moraes,English,USA,2020,2020-04-10,,7.6,,35,,,0.76,2020,usa
tt0113198,movie,A Goofy Movie,Kevin Lima,English,"USA, Australia, France, Canada",1995,1995-04-07,78,6.8,,43655,G,,0.6799999999999999,1990,usa_other
tt0113538,movie,A Kid in King Arthur's Court,Michael Gottlieb,English,"USA, Hungary, UK",1995,1995-08-11,89,4.7,34.0,5479,PG,0.405,0.405,1990,usa_other
tt0038674,movie,A Knight for a Day,Jack Hannah,English,USA,1946,1946-03-08,7,7.0,,488,APPROVED,,0.7,1940,usa
tt0282123,movie,A Ring of Endless Light,Greg Beeman,English,USA,2002,2002-08-23,88,6.1,,1042,TV-G,,0.61,2000,usa
tt0287003,movie,A Tale of Two Critters,Jack Speirs,English,USA,1977,1977-06-22,48,7.1,,59,G,,0.71,1970,usa
tt1620680,movie,A Wrinkle in Time,Ava DuVernay,English,USA,2018,2018-03-09,109,4.2,53.0,38659,PG,0.47500000000000003,0.47500000000000003,2010,usa
tt6139732,movie,Aladdin,Guy Ritchie,"English, Arabic",USA,2019,2019-05-24,128,7.0,53.0,204537,PG,0.615,0.615,2010,usa
tt0103639,movie,Aladdin,"Ron Clements, John Musker",English,USA,1992,1992-11-25,90,8.0,86.0,356283,G,0.8300000000000001,0.8300000000000001,1990,usa
tt0115491,movie,Aladdin and the King of Thieves,Tad Stones,English,USA,1996,1996-08-13,81,6.4,,31603,Not Rated,,0.64,1990,usa
tt0107952,movie,Aladdin and the Return of Jafar,"Toby Shelton, Tad Stones, Alan Zaslove",English,USA,1994,1994-05-20,69,5.9,,25623,G,,0.5900000000000001,1990,usa
tt0043274,movie,Alice in Wonderland,"Clyde Geronimi, Wilfred Jackson, Hamilton Luske",English,USA,1951,1951-09-14,75,7.4,68.0,123377,G,0.71,0.71,1950,usa
tt1014759,movie,Alice in Wonderland,Tim Burton,English,USA,2010,2010-03-05,108,6.4,53.0,371772,PG,0.585,0.585,2010,usa
tt0417415,movie,Aliens of the Deep,"James Cameron, Steven Quale",English,USA,2005,2005-08-25,100,6.4,71.0,2586,G,0.675,0.675,2000,usa
tt0041112,movie,All in a Nutshell,Jack Hannah,English,USA,1949,1949-09-02,7,7.6,,572,Approved,,0.76,1940,usa
tt0217990,movie,Alley Cats Strike,Rod Daniel,English,"USA, Canada",2000,2000-03-18,103,6.2,,1840,TV-G,,0.62,2000,usa_other
tt0055740,movie,Almost Angels,Steve Previn,English,USA,1962,1962-09-26,93,7.1,,309,Not Rated,,0.71,1960,usa
tt0098740,series,America's Funniest Home Videos,,English,USA,1989,1989-11-26,30,6.2,,4652,TV-PG,,0.62,1980,usa
tt0381006,movie,America's Heart & Soul,Louie Schwartzberg,English,USA,2004,2004-07-02,84,4.8,55.0,557,PG,0.515,0.515,2000,usa
tt4622802,series,America's National Parks,,English,USA,2015,2015-12-06,,7.9,,73,TV-G,,0.79,2010,usa
tt0082017,movie,Amy,Vincent McEveety,"English, American Sign Language",USA,1981,1981-03-20,100,6.6,,236,G,,0.6599999999999999,1980,usa
tt0208185,movie,An Extremely Goofy Movie,Douglas McCarthy,English,"USA, Australia",2000,2000-02-29,79,6.4,,9244,G,,0.64,2000,usa_other
tt5195114,series,Andi Mack,,English,USA,2017,2017-03-10,25,7.3,,1723,TV-G,,0.73,2010,usa
tt0207972,movie,Annie,Rob Marshall,English,USA,1999,1999-11-07,90,6.7,,4380,UNRATED,,0.67,1990,usa
tt9782756,movie,Apollo: Missions to the Moon,Tom Jennings,English,USA,2019,2019-07-07,94,7.7,,130,Not Rated,,0.77,2010,usa
,,,,,,,,,,,,,,,,
tt0327437,movie,Around the World in 80 Days,Frank Coraci,"English, Cantonese, French, German, Hindi, Turkish","USA, Germany, Ireland, UK",2004,2004-06-16,120,5.9,49.0,82011,PG,0.54,0.54,2000,usa_other
tt6467274,movie,Atlantis Rising,Simcha Jacobovici,English,Canada,2017,2017-01-29,93,6.8,,178,,,0.6799999999999999,2010,other
tt0344864,movie,Atlantis: Milo's Return,"Victor Cook, Toby Shelton, Tad Stones","Norwegian, English",USA,2003,2003-05-20,70,5.1,,7621,G,,0.51,2000,usa
tt0230011,movie,Atlantis: The Lost Empire,"Gary Trousdale, Kirk Wise","English, French, Spanish",USA,2001,2001-06-22,95,6.9,52.0,98258,PG,0.605,0.605,2000,usa
tt8952294,movie,Auntie Edna,Ted Mathot,English,USA,2018,2018-11-06,5,7.1,,1019,,,0.71,2010,usa
tt1830491,series,Austin & Ally,,English,USA,2011,2011-12-02,30,5.9,,8666,TV-G,,0.5900000000000001,2010,usa
tt0499549,movie,Avatar,James Cameron,"English, Spanish",USA,2009,2009-12-18,162,7.8,83.0,1086714,PG-13,0.8049999999999999,0.8049999999999999,2000,usa
,,,,,,,,,,,,,,,,
tt0022647,movie,Babes in the Woods,Burt Gillett,English,USA,1932,1932-11-19,8,6.8,,799,Approved,,0.6799999999999999,1930,usa
tt0054649,movie,Babes in Toyland,Jack Donohue,English,USA,1961,1961-12-14,106,6.3,55.0,3228,Approved,0.5900000000000001,0.5900000000000001,1960,usa
tt0034492,movie,Bambi,"James Algar, Samuel Armstrong, David Hand, Graham Heid, Bill Roberts, Paul Satterfield, Norman Wright, Arthur Davis, Clyde Geronimi",English,USA,1942,1942-08-21,70,7.3,91.0,125824,G,0.8200000000000001,0.8200000000000001,1940,usa
tt0447854,movie,Bambi and the Great Prince of the Forest,Brian Pimental,English,USA,2006,2006-02-07,75,6.1,,8741,G,,0.61,2000,usa
tt8075496,movie,Bao,Domee Shi,"Chinese, English","USA, Canada",2018,2018-06-15,8,7.5,,19660,G,,0.75,2010,usa_other
tt10219416,series,Be Our Chef,,,,2020,2020-03-27,,,,,,,,2020,
tt0031086,movie,Beach Picnic,Clyde Geronimi,English,USA,1939,1939-06-09,8,6.7,,675,Approved,,0.67,1930,usa
tt0047864,movie,Bearly Asleep,Jack Hannah,English,USA,1955,1955-08-19,8,7.6,,254,,,0.76,1950,usa
tt0101414,movie,Beauty and the Beast,"Gary Trousdale, Kirk Wise","English, French",USA,1991,1991-11-22,84,8.0,95.0,404632,G,0.875,0.875,1990,usa
tt0167038,movie,Belle's Magical World,"Bob Kline, Cullen Blaine, Dale Case, Daniel de la Vega, Barbara Dourmaskin-Case, Rick Leon, Burt Medall, Mitch Rochon",English,USA,1998,1998-02-16,92,5.4,,2425,G,,0.54,1990,usa
tt0118692,movie,Beauty and the Beast: The Enchanted Christmas,Andrew Knight,English,"Canada, USA",1997,1997-11-11,72,6.1,,8603,G,,0.61,1990,usa_other
tt0317132,movie,Because of Winn-Dixie,Wayne Wang,English,USA,2005,2005-02-18,106,6.3,54.0,10040,PG,0.585,0.585,2000,usa
tt0066817,movie,Bedknobs and Broomsticks,"Robert Stevenson, Ward Kimball","English, German",USA,1971,1971-12-13,117,7.1,59.0,32823,G,0.6499999999999999,0.6499999999999999,1970,usa
tt0960731,movie,Bedtime Stories,Adam Shankman,English,USA,2008,2008-12-25,99,6.0,33.0,85524,PG,0.46499999999999997,0.46499999999999997,2000,usa
tt0047867,movie,Beezy Bear,Jack Hannah,English,USA,1955,1955-09-02,7,7.4,,269,,,0.74,1950,usa
tt5929776,movie,Before the Flood,Fisher Stevens,English,USA,2016,2016-10-30,96,8.3,63.0,25171,PG,0.73,0.73,2010,usa
tt0092638,movie,Benji the Hunted,Joe Camp,English,USA,1987,1987-06-19,88,6.3,53.0,2629,G,0.5800000000000001,0.5800000000000001,1980,usa
tt4507442,series,Best Friends Whenever,,English,USA,2015,2015-06-26,21,5.5,,1475,TV-G,,0.55,2010,usa
tt0094739,movie,Big Business,Jim Abrahams,"English, Italian",USA,1988,1988-06-10,97,6.4,53.0,11575,PG,0.585,0.585,1980,usa
tt7165904,series,Big City Greens,,English,USA,2018,2018-06-18,22,6.6,,567,TV-Y7,,0.6599999999999999,2010,usa
,,,,,,,,,,,,,,,,
tt2245084,movie,Big Hero 6,"Don Hall, Chris Williams",English,USA,2014,2014-11-07,102,7.8,74.0,393016,PG,0.76,0.76,2010,usa
,,,,,,,,,,,,,,,,
tt6412478,series,Billy Dilley's Super-Duper Subterranean Summer,,,USA,2017,,,6.2,,77,,,0.62,2010,usa
,,,,,,,,,,,,,,,,
tt1570382,movie,Bizarre Dinosaurs,Jenny Kubo,English,USA,2009,2009-10-11,,6.6,,47,,,0.6599999999999999,2000,usa
tt0062737,movie,Blackbeard's Ghost,Robert Stevenson,English,USA,1968,1968-02-08,106,6.9,71.0,4913,Approved,0.7,0.7,1960,usa
tt0109287,movie,Blank Check,Rupert Wainwright,English,USA,1994,1994-02-11,93,5.3,42.0,18277,PG,0.475,0.475,1990,usa
tt7678620,series,Bluey,,English,"Australia, UK",2018,2019-09-09,,9.7,,949,TV-Y,,0.97,2010,other
tt0029930,movie,Boat Builders,Ben Sharpsteen,English,USA,1938,1938-02-25,7,7.3,,993,,,0.73,1930,usa
tt0397892,movie,Bolt,"Byron Howard, Chris Williams",English,USA,2008,2008-11-21,96,6.8,67.0,182591,PG,0.675,0.675,2000,usa
,,,,,,,,,,,,,,,,
tt0213334,series,Bonkers,,English,USA,1993,1993-09-04,27,6.8,,1188,TV-Y,,0.6799999999999999,1990,usa
,,,,,,,,,,,,,,,,
tt0395479,movie,Boundin',"Bud Luckey, Roger Gould(co-director)",English,USA,2003,2004-11-05,5,7.0,,12312,G,,0.7,2000,usa
tt0105958,series,Boy Meets World,,English,USA,1993,1993-09-24,23,8.1,,37279,TV-G,,0.8099999999999999,1990,usa
tt2078690,series,Brain Games,,English,USA,2011,2011-10-09,30,8.3,,2812,TV-G,,0.8300000000000001,2010,usa
tt1217209,movie,Brave,"Mark Andrews, Brenda Chapman, Steve Purcell(co-director)",English,"USA, UK",2012,2012-06-22,93,7.1,69.0,357239,PG,0.7,0.7,2010,usa_other
tt0163986,movie,The Brave Little Toaster to the Rescue,"Robert C. Ramirez, Patrick A. Ventura","Chinese, Mandarin, Japanese, Korean, French, English",USA,1997,1999-05-24,74,6.3,,1201,Not Rated,,0.63,1990,usa
tt7293698,movie,Breaking2,Martin Desmond Roe,English,USA,2017,2017-09-20,55,7.5,,42,,,0.75,2010,usa
,,,,,,,,,,,,,,,,
tt0162212,movie,Brink!,Greg Beeman,English,USA,1998,1998-08-29,99,7.1,,5328,TV-G,,0.71,1990,usa
tt0328880,movie,Brother Bear,"Aaron Blaise, Robert Walker","English, Inuktitut, Croatian, Serbian",USA,2003,2003-11-07,85,6.8,48.0,92453,G,0.58,0.58,2000,usa
tt0465925,movie,Brother Bear 2,Ben Gluck,English,USA,2006,2006-08-29,74,6.2,,13878,G,,0.62,2000,usa
tt0430932,movie,Buffalo Dreams,David Jackson,English,USA,2005,2005-03-11,89,5.8,,436,G,,0.58,2000,usa
tt8693362,series,Bug Juice: My Adventures at Camp,,English,USA,2018,2018-07-16,22,7.3,,23,,,0.73,2010,usa
,,,,,,,,,,,,,,,,
tt1334585,movie,Burn-E,Angus MacLane,English,USA,2008,2008-11-18,8,7.7,,9708,G,,0.77,2000,usa
tt0294425,movie,Cadet Kelly,Larry Shaw,English,"USA, Canada",2002,2002-03-08,101,5.5,,12570,TV-G,,0.55,2000,usa_other
tt0109369,movie,Camp Nowhere,Jonathan Prince,English,USA,1994,1994-08-26,96,6.1,,8448,PG,,0.61,1990,usa
tt1055366,movie,Camp Rock,Matthew Diamond,"English, Portuguese",USA,2008,2008-06-20,94,5.2,,28782,TV-G,,0.52,2000,usa
tt1252380,movie,Camp Rock 2: The Final Jam,Paul Hoen,English,USA,2010,2010-09-03,97,5.2,,15387,TV-G,,0.52,2010,usa
tt0186910,movie,Can of Worms,Paul Schneider,English,"USA, Canada",1999,1999-04-10,90,5.0,,756,TV-PG,,0.5,1990,usa_other
tt0075807,movie,Candleshoe,Norman Tokar,English,"UK, USA",1977,1977-12-16,101,6.8,68.0,3479,G,0.6799999999999999,0.6799999999999999,1970,usa_other
tt0033448,movie,Canine Caddy,Clyde Geronimi,English,USA,1941,1941-05-30,7,6.7,,269,,,0.67,1940,usa
,,,,,,,,,,,,,,,,
tt0317219,movie,Cars,"John Lasseter, Joe Ranft(co-director)","English, Italian, Japanese, Yiddish",USA,2006,2006-06-09,117,7.1,73.0,349674,G,0.72,0.72,2000,usa
tt1216475,movie,Cars 2,"John Lasseter, Bradford Lewis(co-director)","English, Japanese, Italian, French",USA,2011,2011-06-24,106,6.1,57.0,150876,G,0.59,0.59,2010,usa
tt3606752,movie,Cars 3,Brian Fee,English,USA,2017,2017-06-16,102,6.7,59.0,68243,G,0.63,0.63,2010,usa
,,,,,,,,,,,,,,,,
tt1378121,episode,El Materdor,"John Lasseter, Rob Gibbs(co-director), Victor Navone(co-director)",English,USA,2008,2008-10-29,36,6.4,,283,,,0.64,2000,usa
,,,,,,,,,,,,,,,,
,,,,,,,,,,,,,,,,
,,,,,,,,,,,,,,,,
,,,,,,,,,,,,,,,,
,,,,,,,,,,,,,,,,
tt1788785,episode,Moon Mater,Rob Gibbs,,,2010,2010-11-02,5,6.3,,178,TV-G,,0.63,2010,
tt1378123,episode,Rescue Squad Mater,"John Lasseter, Rob Gibbs(co-director), Victor Navone(co-director)",English,USA,2008,2008-10-27,36,6.3,,272,NOT RATED,,0.63,2000,usa
tt3755836,episode,Spinning,"Jeremy Lasky, Dylan Brown",,,2013,2013-03-22,2,6.8,,56,,,0.6799999999999999,2010,
,,,,,,,,,,,,,,,,
tt2166364,episode,Time Travel Mater,Rob Gibbs,,,2012,2012-06-04,6,6.2,,535,G,,0.62,2010,
tt1330219,movie,Tokyo Mater,"John Lasseter, Rob Gibbs(co-director), Victor Navone(co-director)",English,USA,2008,2008-12-12,7,6.6,,1432,G,,0.6599999999999999,2000,usa
tt1511164,episode,Unidentified Flying Mater,"John Lasseter, Rob Gibbs(co-director)",,,2009,2009-11-20,36,6.4,,316,,,0.64,2000,
tt3755824,episode,Bugged,"Jeremy Lasky, Dylan Brown",,,2013,2013-03-22,2,6.4,,48,,,0.64,2010,
tt0090803,episode,Casebusters,Wes Craven,English,USA,1986,1986-05-25,120,5.9,,50,Unrated,,0.5900000000000001,1980,usa
tt0349205,movie,Cheaper by the Dozen,Shawn Levy,English,USA,2003,2003-12-25,98,5.9,46.0,90580,PG,0.525,0.525,2000,usa
tt0097053,movie,Cheetah,Jeff Blyth,English,USA,1989,1989-08-18,83,6.1,,801,G,,0.61,1980,usa
tt0033460,movie,Chef Donald,Jack King,English,USA,1941,1941-12-05,7,7.3,,764,Approved,,0.73,1940,usa
tt0371606,movie,Chicken Little,Mark Dindal,English,USA,2005,2005-11-04,81,5.7,48.0,82825,G,0.525,0.525,2000,usa
tt0096557,series,Chip 'n' Dale Rescue Rangers,,English,"USA, Taiwan, South Korea, China, Japan, UK",1988,1989-03-04,22,7.6,,16431,TV-Y,,0.76,1980,usa_other
tt0039263,movie,Chip an' Dale,Jack Hannah,English,USA,1947,1947-11-28,7,7.4,,1223,Approved,,0.74,1940,usa
tt0042332,movie,Cinderella,"Clyde Geronimi, Wilfred Jackson, Hamilton Luske",English,USA,1950,1950-03-04,74,7.3,85.0,139378,G,0.79,0.79,1950,usa
tt0291082,movie,Cinderella 2: Dreams Come True,John Kafka,English,USA,2001,2002-02-26,73,5.0,,9985,G,,0.5,2000,usa
tt0465940,movie,Cinderella 3: A Twist in Time,Frank Nissen,English,USA,2007,2007-02-06,74,5.9,,8691,G,,0.5900000000000001,2000,usa
tt0028726,movie,Clock Cleaners,Ben Sharpsteen,English,USA,1937,1937-10-15,9,7.5,,1987,Approved,,0.75,1930,usa
tt2762970,movie,Cloud 9,Paul Hoen,English,USA,2014,2014-01-17,85,6.6,,3482,TV-G,,0.6599999999999999,2010,usa
tt2380307,movie,Coco,"Lee Unkrich, Adrian Molina(co-director)","English, Spanish",USA,2017,2017-11-22,105,8.4,81.0,333411,PG,0.8250000000000001,0.8250000000000001,2010,usa
,,,,,,,,,,,,,,,,
tt0997047,movie,College Road Trip,Roger Kumble,English,USA,2008,2008-03-07,83,4.3,36.0,14974,G,0.395,0.395,2000,usa
tt0361467,movie,Confessions of a Teenage Drama Queen,Sara Sugarman,English,"Germany, USA",2004,2004-02-20,89,4.6,33.0,26686,PG,0.395,0.395,2000,usa_other
tt6244108,series,Continent 7: Antarctica,,English,USA,2016,2016-11-15,47,7.5,,93,,,0.75,2010,usa
tt0106611,movie,Cool Runnings,Jon Turteltaub,"English, German, Russian",USA,1993,1993-10-01,98,7.0,60.0,88123,PG,0.6499999999999999,0.6499999999999999,1990,usa
tt8381724,series,Coop and Cami Ask the World,,English,USA,2018,,30,5.7,,267,TV-G,,0.5700000000000001,2010,usa
,,,,,,,,,,,,,,,,
tt0043428,movie,Corn Chips,Jack Hannah,English,USA,1951,1951-03-23,7,7.4,,483,APPROVED,,0.74,1950,usa
tt0489007,movie,Cow Belles,Francine McDougall,English,USA,2006,2006-03-24,90,5.2,,5625,TV-G,,0.52,2000,usa
tt2273734,series,Crash & Bernstein,,English,USA,2012,2012-10-01,30,4.8,,599,,,0.48,2010,usa
tt1090750,movie,Dadnapped,Paul Hoen,English,USA,2009,2009-02-16,84,4.9,,2634,TV-G,,0.49000000000000005,2000,usa
tt0052722,movie,Darby O'Gill and the Little People,Robert Stevenson,"English, Irish",USA,1959,1960-06-22,93,7.2,,6664,Approved,,0.72,1950,usa
tt0101076,series,Darkwing Duck,,English,USA,1991,1991-09-06,30,7.6,,13689,TV-Y7,,0.76,1990,usa
tt0049125,movie,Davy Crockett and the River Pirates,Norman Foster,English,USA,1956,1956-07-18,81,6.8,,1585,Approved,,0.6799999999999999,1950,usa
tt0047977,movie,Davy Crockett: King of the Wild Frontier,Norman Foster,"English, Spanish",USA,1955,1955-05-25,93,7.0,,3316,Approved,,0.7,1950,usa
tt1620446,movie,Day & Night,Teddy Newton,English,USA,2010,2010-06-18,6,8.1,,16108,G,,0.8099999999999999,2010,usa
tt7775248,movie,Decorating Disney: Holiday Magic,,English,USA,2017,2017-12-18,42,7.0,,40,,,0.7,2010,usa
tt0365109,movie,Deep Blue,"Andy Byatt, Alastair Fothergill",English,"UK, Germany",2003,2004-01-29,83,7.4,71.0,2791,G,0.725,0.725,2000,other
tt5117876,movie,Descendants 2,Kenny Ortega,English,USA,2017,2017-07-21,111,6.5,,7218,TV-G,,0.65,2010,usa
tt8022928,movie,Descendants 3,Kenny Ortega,English,USA,2019,2019-08-02,106,6.7,,4072,TV-G,,0.67,2010,usa
tt0377770,movie,Destino,Dominique Monfery,English,"France, USA",2003,2003-08-05,7,7.9,,3695,PG,,0.79,2000,usa_other
tt7188868,movie,Diana: In Her Own Words,"Tom Jennings, David Tillman",English,UK,2017,2017-08-14,112,7.9,,1291,,,0.79,2010,other
tt9695266,series,Diary of a Future President,,English,USA,2020,2020-01-17,30,5.5,,333,TV-PG,,0.55,2020,usa
tt1196141,movie,Diary of a Wimpy Kid,Thor Freudenthal,"English, German","USA, UK",2010,2010-03-19,120,6.2,56.0,40808,PG,0.5900000000000001,0.5900000000000001,2010,usa_other
tt0130623,movie,Dinosaur,"Eric Leighton, Ralph Zondag",English,USA,2000,2000-05-19,82,6.5,56.0,50895,PG,0.605,0.605,2000,usa
tt4456850,movie,Adventures in Babysitting,John Schultz,English,USA,2016,2016-06-17,105,6.0,,2582,TV-G,,0.6,2010,usa
tt8050740,series,Amphibia,,English,USA,2019,2019-06-14,23,7.8,,912,TV-Y7,,0.78,2010,usa
tt1614950,movie,Avalon High,Stuart Gillard,English,USA,2010,2010-11-12,90,5.7,,5133,TV-G,,0.5700000000000001,2010,usa
tt3856042,movie,Bad Hair Day,Erik Canuel,English,Canada,2015,2015-02-13,87,6.0,,2363,TV-G,,0.6,2010,other
tt5515212,series,Big Hero 6: The Series,,English,USA,2017,2017-11-20,21,7.1,,1154,TV-Y7,,0.71,2010,usa
tt4800624,series,Bizaardvark,,English,USA,2016,2016-06-24,30,3.5,,1565,TV-G,,0.35,2010,usa
tt1376699,movie,Den Brother,Mark L. Taylor,English,USA,2010,2010-08-13,89,5.4,,1666,Not Rated,,0.54,2010,usa
tt3440298,movie,Descendants,Kenny Ortega,English,USA,2015,2015-07-31,112,6.4,,14470,TV-G,,0.64,2010,usa
tt4951098,series,Descendants: Wicked World,,English,USA,2015,2015-09-18,2,6.7,,707,,,0.67,2010,usa
,,,,,,,,,,,,,,,,
tt3602560,series,The Evermoor Chronicles,,English,USA,2014,2014-10-17,30,6.1,,396,,,0.61,2010,usa
tt11199552,series,Family Sundays,,English,USA,2019,2019-11-12,,6.1,,9,,,0.61,2010,usa
tt2229129,series,Fancy Nancy,,,"USA, Canada",2018,2018-07-13,22,5.4,,193,TV-Y,,0.54,2010,usa_other
tt8115666,series,Fast Layne,,English,USA,2019,2019-02-15,30,5.5,,144,,,0.55,2010,usa
,,,,,,,,,,,,,,,,
tt2326087,movie,Girl Vs. Monster,Stuart Gillard,English,"USA, Canada",2012,2012-10-12,89,5.5,,2403,TV-PG,,0.55,2010,usa_other
tt1865718,series,Gravity Falls,,English,USA,2012,2012-06-15,23,8.9,,63771,TV-Y7,,0.89,2010,usa
,,,,,,,,,,,,,,,,
tt2996052,series,I Didn't Do It,,English,USA,2014,,22,6.0,,2047,TV-G,,0.6,2010,usa
tt11998854,series,Insider,,English,USA,2020,2020-03-20,,7.6,,5,,,0.76,2020,usa
tt1833403,series,Jake and the Never Land Pirates,,English,USA,2011,2011-02-14,15,5.6,,1227,TV-Y,,0.5599999999999999,2010,usa
tt1044418,series,Jonas,,English,USA,2009,2009-05-02,25,4.6,,5555,,,0.45999999999999996,2000,usa
tt9277788,series,Disney Junior Music Nursery Rhymes,,,,2018,,,,,,,,,2010,
tt3598030,series,K.C. Undercover,,English,USA,2015,2015-01-18,30,6.1,,2979,TV-Y7,,0.61,2010,usa
,,,,,,,,,,,,,,,,
tt5118450,series,Lab Rats: Elite Force,,,USA,2016,2016-03-02,30,6.4,,837,TV-Y7,,0.64,2010,usa
tt8611524,series,Legend of the Three Caballeros,,English,USA,2018,2019-11-12,,7.8,,153,TV-G,,0.78,2010,usa
,,,,,,,,,,,,,,,,
tt0784896,series,Mickey Mouse Clubhouse,,English,USA,2006,2006-05-05,30,5.7,,2253,TV-Y,,0.5700000000000001,2000,usa
tt5439480,series,Milo Murphy's Law,,English,USA,2016,2016-10-03,12,7.5,,1578,TV-Y7,,0.75,2010,usa
tt3008594,series,Minnie's Bow-Toons,,English,USA,2011,2011-11-14,,6.5,,35,,,0.65,2010,usa
tt3067144,episode,Phineas and Ferb: Star Wars,"Robert Hughes, Sue Perrotto","English, Brazilian Sign Language",USA,2014,2014-07-26,51,8.2,,492,TV-G,,0.82,2010,usa
,,,,,,,,,,,,,,,,
,,,,,,,,,,,,,,,,
tt2341339,series,Randy Cunningham: 9th Grade Ninja,,English,"UK, USA, Ireland",2012,2012-08-13,15,6.7,,652,TV-G,,0.67,2010,usa_other
tt6311972,series,Raven's Home,,English,USA,2017,2017-07-21,22,7.4,,2046,TV-G,,0.74,2010,usa
tt2758770,series,Star vs. the Forces of Evil,,English,USA,2015,,22,8.0,,9623,TV-Y7,,0.8,2010,usa
tt4488724,series,Stuck in the Middle,,English,USA,2016,2016-02-14,30,5.9,,1291,TV-G,,0.5900000000000001,2010,usa
tt8959856,series,Sydney to the Max,,English,USA,2019,,22,6.1,,223,TV-G,,0.61,2010,usa
tt1887491,series,Take Two with Phineas and Ferb,,English,USA,2010,2010-12-03,2,6.5,,186,TV-G,,0.65,2010,usa
,,,,,,,,,,,,,,,,
tt3793630,series,The Lion Guard,,English,USA,2016,2016-01-15,30,6.4,,1371,TV-Y,,0.64,2010,usa
tt8884364,movie,Under the Sea: A Descendants Story,Hasraf Dulull,"English, German",,2018,2018-09-28,10,6.1,,181,,,0.61,2010,
tt7010622,series,Vampirina,,English,"Ireland, USA",2017,2017-10-01,25,6.8,,530,TV-Y,,0.6799999999999999,2010,usa_other
,,,,,,,,,,,,,,,,
tt0088528,series,Adventures of the Gummi Bears,,English,USA,1985,1985-09-14,30,7.5,,8913,TV-Y,,0.75,1980,usa
tt0122815,series,Disney's Doug,,English,USA,1996,1996-09-07,30,6.2,,282,,,0.62,1990,usa
tt0092345,series,DuckTales,,English,USA,1987,1987-09-18,23,8.1,,27880,TV-G,,0.8099999999999999,1980,usa
,,,,,,,,,,,,,,,,
tt7642482,episode,Holiday Magic,,,,2017,2017-12-11,63,,,,,,,2010,
tt0138967,series,Hercules,,English,USA,1998,1998-08-31,30,6.6,,9244,TV-Y,,0.6599999999999999,1990,usa
tt0278866,series,Kim Possible,,English,"USA, Philippines, South Korea",2002,2002-06-07,30,7.2,,22207,TV-G,,0.72,2000,usa_other
tt0756522,series,Little Einsteins,,English,USA,2005,2005-10-09,30,6.2,,1143,TV-Y,,0.62,2000,usa
tt0115269,series,Mighty Ducks,,English,USA,1996,1996-09-06,30,6.5,,1155,TV-Y7,,0.65,1990,usa
tt0126170,series,Recess,,English,USA,1997,1997-08-31,23,7.8,,21355,TV-Y,,0.78,1990,usa
tt0465327,series,The Emperor's New School,,English,USA,2006,2006-01-27,30,6.6,,3977,TV-G,,0.6599999999999999,2000,usa
tt0219854,movie,The Kid,Jon Turteltaub,English,USA,2000,2000-07-07,104,6.1,45.0,39194,PG,0.53,0.53,2000,usa
tt0103477,series,The Little Mermaid,,English,USA,1992,1992-09-11,25,6.8,,3701,TV-Y,,0.6799999999999999,1990,usa
tt0923160,episode,Disneyland Around the Seasons,Hamilton Luske,,,1966,,1,,,,,,,1960,
tt1223236,movie,African Cats,"Keith Scholey, Alastair Fothergill(co-director)",English,USA,2011,2011-04-22,89,7.6,61.0,6043,G,0.685,0.685,2010,usa
tt2458776,movie,Bears,"Alastair Fothergill, Keith Scholey, Adam Chapman(co-director)",English,USA,2014,2014-04-18,78,7.4,68.0,6262,G,0.71,0.71,2010,usa
tt4629266,movie,Born in China,Chuan Lu,"English, Chinese","UK, China, USA",2016,2017-04-21,79,7.2,57.0,3316,G,0.645,0.645,2010,usa_other
tt1222815,movie,Chimpanzee,"Alastair Fothergill, Mark Linfield",English,"Tanzania, USA",2012,2012-04-20,78,7.2,57.0,5708,G,0.645,0.645,2010,usa_other
tt0902967,movie,The Crimson Wing: Mystery of the Flamingos,"Matthew Aeberhard, Leander Ward",English,"USA, UK",2008,2009-09-25,78,7.3,,1024,G,,0.73,2000,usa_other
tt3660770,movie,Monkey Kingdom,"Mark Linfield, Alastair Fothergill(co-director)",English,USA,2015,2015-04-17,81,7.3,72.0,3529,G,0.725,0.725,2010,usa
tt8080302,movie,Penguins,"Alastair Fothergill, Jeff Wilson",English,USA,2019,2019-04-17,76,6.9,69.0,1093,G,0.69,0.69,2010,usa
tt1222816,movie,Disneynature: Wings of Life,Louie Schwartzberg,English,"USA, Panama, Mexico",2011,2013-04-16,81,7.4,,442,G,,0.74,2010,usa_other
tt12100080,movie,Diving with Dolphins,Keith Scholey,English,USA,2020,2020-04-03,79,7.4,,18,,,0.74,2020,usa
tt1710295,series,Doc McStuffins,,English,"USA, Ireland",2012,2012-03-23,11,6.8,,1734,G,,0.6799999999999999,2010,usa_other
tt0118998,movie,Doctor Dolittle,Betty Thomas,English,USA,1998,1998-06-26,85,5.4,46.0,89150,PG-13,0.5,0.5,1990,usa
tt0240462,movie,Dr. Dolittle 2,Steve Carr,English,USA,2001,2001-06-22,87,4.7,49.0,40531,PG,0.48,0.48,2000,usa
tt0423642,series,Dog Whisperer with Cesar Millan,,English,USA,2004,,110,8.0,,2539,TV-G,,0.8,2000,usa
tt10981266,series,Dog: Impossible,,,USA,2019,2019-09-08,,,,,,,,2010,usa
tt10055028,movie,Dolphin Reef,Keith Scholey,English,USA,2020,2020-04-03,77,7.6,79.0,566,G,0.775,0.775,2020,usa
tt0045696,movie,Don's Fountain of Youth,Jack Hannah,English,USA,1953,1953-05-30,6,7.4,,376,APPROVED,,0.74,1950,usa
tt0208101,movie,Don't Look Under the Bed,Kenneth Johnson,English,USA,1999,1999-10-09,100,6.9,,2421,TV-PG,,0.6900000000000001,1990,usa
tt0032401,movie,Donald's Dog Laundry,Jack King,English,USA,1940,1940-04-05,8,7.0,,572,,,0.7,1940,usa
tt0030069,movie,Donald's Golf Game,Jack King,English,USA,1938,1938-11-04,8,6.8,,764,,,0.6799999999999999,1930,usa
tt0035820,movie,Donald's Tire Trouble,Dick Lundy,English,USA,1943,1943-01-29,7,7.0,,416,,,0.7,1940,usa
tt0038489,movie,Double Dribble,Jack Hannah,English,USA,1946,1946-12-20,7,6.9,,318,,,0.6900000000000001,1940,usa
tt0281905,movie,Double Teamed,Duwayne Dunham,English,USA,2002,2002-01-18,120,6.1,,2820,TV-G,,0.61,2000,usa
tt0187819,movie,Doug's 1st Movie,Maurice Joyce,English,USA,1999,1999-03-26,77,5.0,,2868,G,,0.5,1990,usa
tt3593456,series,"Dr. Oakley, Yukon Vet",,English,USA,2014,2014-04-04,,8.1,,323,,,0.8099999999999999,2010,usa
tt11151654,series,"Dr. T, Lone Star Vet",,English,USA,2019,2019-10-13,,8.9,,17,,,0.89,2010,usa
tt0046932,movie,Dragon Around,Jack Hannah,English,USA,1954,1954-07-16,7,7.2,,345,,,0.72,1950,usa
tt7823038,movie,Drain Alcatraz,Wayne Abbott,English,USA,2017,2017-12-19,45,5.4,,13,,,0.54,2010,usa
tt4266692,movie,Drain the Bermuda Triangle,Jobim Sampson,English,USA,2014,2014-12-07,44,6.0,,47,,,0.6,2010,usa
tt3738576,movie,Drain the Great Lakes,"Wayne Abbott, Crispin Sadler",English,"UK, Canada, USA",2011,2011-12-01,47,7.5,,10,TV-G,,0.75,2010,usa_other
tt6141006,movie,Drain the Ocean: WWII,Mike Slee,English,USA,2016,2016-09-19,44,7.2,,49,TV-PG,,0.72,2010,usa
tt8676618,series,Drain the Oceans,,English,"UK, Australia",2018,2018-05-01,47,7.6,,220,TV-PG,,0.76,2010,other
tt7964284,movie,Drain the Sunken Pirate City,Sophie Elwin-Harris,English,UK,2017,,47,6.2,,11,,,0.62,2010,other
tt4743564,movie,Drain the Titanic,Jobim Sampson,English,"UK, Canada, USA",2015,,46,5.7,,41,,,0.5700000000000001,2010,usa_other
tt5531466,series,DuckTales,,English,USA,2017,2017-08-12,21,8.2,,5051,TV-Y,,0.82,2010,usa
tt0099472,movie,DuckTales the Movie: Treasure of the Lost Lamp,Bob Hathcock,English,"France, USA",1990,1990-08-03,74,6.9,,24234,G,,0.6900000000000001,1990,usa_other
tt1537759,movie,Dug's Special Mission,Ronnie Del Carmen,English,USA,2009,2009-11-10,5,7.0,,5161,TV-PG,,0.7,2000,usa
tt3861390,movie,Dumbo,Tim Burton,"English, French","USA, UK, Australia, Canada",2019,2019-03-29,112,6.3,51.0,58882,PG,0.5700000000000001,0.5700000000000001,2010,usa_other
,,,,,,,,,,,,,,,,
tt7008868,movie,Earth Live,Glenn Weiss,English,USA,2017,2017-07-09,,5.6,,24,,,0.5599999999999999,2010,usa
tt1455430,episode,Easter Island Underworld,Geoffrey Luck,,,2009,2009-06-09,120,7.4,,12,,,0.74,2000,
tt0365149,movie,Eddie's Million Dollar Cook-Off,Paul Hoen,English,USA,2003,2003-07-18,110,6.0,,2304,TV-G,,0.6,2000,usa
tt0397313,movie,Eight Below,Frank Marshall,English,USA,2006,2006-02-17,120,7.3,64.0,58850,PG,0.685,0.685,2000,usa
tt4549142,series,Elena of Avalor,,English,USA,2016,2016-07-22,24,6.4,,998,TV-Y,,0.64,2010,usa
,,,,,,,,,,,,,,,,
tt12036052,movie,Elephant,"Mark Linfield, Vanessa Berlowitz(co-director)",English,,2020,2020-04-03,,4.7,63.0,61,,0.55,0.55,2020,
tt0027569,movie,Elmer Elephant,Wilfred Jackson,English,USA,1936,1936-03-28,9,7.0,,991,Approved,,0.7,1930,usa
tt0058056,movie,Emil and the Detectives,Peter Tewksbury,English,USA,1964,1964-12-18,99,6.2,,390,PG,,0.62,1960,usa
tt0416716,movie,Empire of Dreams: The Story of the 'Star Wars' Trilogy,"Edith Becker, Kevin Burns",English,USA,2004,2004-09-20,151,8.3,,3772,,,0.8300000000000001,2000,usa
tt7759016,series,Encore!,,English,USA,2019,2019-11-12,,7.2,,235,TV-PG,,0.72,2010,usa
tt0072951,movie,Escape to Witch Mountain,John Hough,English,USA,1975,1975-03-21,97,6.4,60.0,8810,G,0.62,0.62,1970,usa
tt0206511,series,Even Stevens,,English,USA,2000,2000-06-17,30,7.6,,13163,TV-G,,0.76,2000,usa
tt10719984,movie,Expedition Amelia,,,USA,2019,2019-10-20,,6.9,,10,,,0.6900000000000001,2010,usa
tt6279452,movie,Expedition Mars,,English,USA,2016,2016-11-16,88,8.1,,18,,,0.8099999999999999,2010,usa
tt6974848,series,Disney's Fairy Tale Weddings,,English,USA,2017,2017-12-11,63,7.2,,47,,,0.72,2010,usa
tt0032455,movie,Fantasia,"James Algar, Samuel Armstrong, Ford Beebe Jr., Norman Ferguson, David Hand, Jim Handley, T. Hee, Wilfred Jackson, Hamilton Luske, Bill Roberts, Paul Satterfield, Ben Sharpsteen",English,USA,1940,1941-07-21,125,7.8,96.0,84999,G,0.87,0.87,1940,usa
tt0120910,movie,Fantasia 2000,"James Algar, Gaëtan Brizzi, Paul Brizzi, Hendel Butoy, Francis Glebas, Eric Goldberg, Don Hahn, Pixote Hunt",English,USA,1999,2000-06-16,75,7.2,59.0,33785,G,0.655,0.655,1990,usa
tt0187635,series,Fantastic Four: The Animated Series,,English,USA,1994,1994-09-24,22,6.4,,2886,,,0.64,1990,usa
tt0830298,series,Fantastic Four: World's Greatest Heroes,,English,USA,2006,,30,6.8,,1921,,,0.6799999999999999,2000,usa
tt0030128,movie,Ferdinand the Bull,Dick Rickard,English,USA,1938,1938-11-25,8,7.2,,2254,Approved,,0.72,1930,usa
tt2277860,movie,Finding Dory,"Andrew Stanton, Angus MacLane(co-director)","English, Indonesian",USA,2016,2016-06-17,97,7.3,77.0,227414,PG,0.75,0.75,2010,usa
tt0266543,movie,Finding Nemo,"Andrew Stanton, Lee Unkrich(co-director)",English,"USA, Australia",2003,2003-05-30,100,8.1,90.0,911647,G,0.855,0.855,2000,usa_other
,,,,,,,,,,,,,,,,
tt0116311,movie,First Kid,David Mickey Evans,English,USA,1996,1996-08-30,101,5.2,48.0,9855,PG,0.5,0.5,1990,usa
tt1725902,series,Fish Hooks,,English,USA,2010,2010-08-28,22,4.6,,2882,TV-G,,0.45999999999999996,2010,usa
tt0091059,movie,Flight of the Navigator,Randal Kleiser,English,USA,1986,1986-08-01,90,6.9,64.0,42322,PG,0.665,0.665,1980,usa
tt9536846,movie,Float,Bobby Rubio,English,USA,2019,2019-11-12,7,7.4,,1031,PG,,0.74,2010,usa
tt0022899,movie,Flowers and Trees,Burt Gillett,English,USA,1932,1932-07-30,8,7.5,,1547,APPROVED,,0.75,1930,usa
tt0119137,movie,Flubber,Les Mayfield,English,USA,1997,1997-11-26,93,5.3,37.0,81512,PG,0.45,0.45,1990,usa
,,,,,,,,,,,,,,,,
tt0248808,movie,For the Birds,Ralph Eggleston,,USA,2000,2001-11-02,3,8.0,,28126,G,,0.8,2000,usa
,,,,,,,,,,,,,,,,
,,,,,,,,,,,,,,,,
,,,,,,,,,,,,,,,,
,,,,,,,,,,,,,,,,
,,,,,,,,,,,,,,,,
tt11194650,episode,What is Cheese?,Bob Peterson,,,2020,2020-01-03,3,7.8,,26,,,0.78,2020,
,,,,,,,,,,,,,,,,
,,,,,,,,,,,,,,,,
tt11194652,episode,What is Reading?,Bob Peterson,,,2020,2020-01-10,3,8.1,,32,,,0.8099999999999999,2020,
,,,,,,,,,,,,,,,,
tt0113104,movie,Frank and Ollie,Theodore Thomas,English,USA,1995,1995-10-20,89,7.8,,524,PG,,0.78,1990,usa
tt1142977,movie,Frankenweenie,Tim Burton,English,USA,2012,2012-10-05,87,6.9,74.0,94078,PG,0.7150000000000001,0.7150000000000001,2010,usa
tt0087291,movie,Frankenweenie,Tim Burton,English,USA,1984,1984-12-21,29,7.3,,10736,PG,,0.73,1980,usa
tt0076054,movie,Freaky Friday,Gary Nelson,English,USA,1976,1977-01-21,95,6.3,51.0,11109,G,0.5700000000000001,0.5700000000000001,1970,usa
tt0322330,movie,Freaky Friday,Mark Waters,"English, Mandarin",USA,2003,2003-08-06,97,6.1,70.0,120172,PG,0.655,0.655,2000,usa
tt7631348,movie,Freaky Friday,Steve Carr,English,USA,2018,2018-08-10,90,3.7,,916,TV-G,,0.37,2010,usa
tt7775622,movie,Free Solo,"Jimmy Chin, Elizabeth Chai Vasarhelyi",English,USA,2018,2018-12-13,100,8.2,83.0,46710,PG-13,0.825,0.825,2010,usa
tt1865368,movie,Frenemies,Daisy von Scherler Mayer,English,USA,2012,2012-01-13,87,5.0,,3969,TV-G,,0.5,2010,usa
tt2294629,movie,Frozen,"Chris Buck, Jennifer Lee","English, Norwegian",USA,2013,2013-11-27,102,7.5,75.0,551637,PG,0.75,0.75,2010,usa
tt4520988,movie,Frozen II,"Chris Buck, Jennifer Lee",English,USA,2019,2019-11-22,103,7.0,64.0,106368,PG,0.6699999999999999,0.6699999999999999,2010,usa
tt0382142,movie,Full-Court Miracle,Stuart Gillard,English,USA,2003,2003-11-21,90,5.7,,816,TV-G,,0.5700000000000001,2000,usa
tt0039404,movie,Fun and Fancy Free,"Jack Kinney, Hamilton Luske, William Morgan, Bill Roberts",English,USA,1947,1948-03-12,73,6.6,66.0,6454,Approved,0.6599999999999999,0.6599999999999999,1940,usa
tt0286639,movie,Fuzzbucket,Mick Garris,English,USA,1986,1986-05-18,46,7.6,,155,,,0.76,1980,usa
tt0436339,movie,G-Force,Hoyt Yeatman,"Spanish, English",USA,2009,2009-07-24,88,5.1,41.0,41151,PG,0.45999999999999996,0.45999999999999996,2000,usa
tt0108783,series,Gargoyles,,English,USA,1994,1994-10-24,30,8.1,,13699,TV-PG,,0.8099999999999999,1990,usa
tt1835977,movie,Geek Charming,Jeffrey Hornaday,English,USA,2011,2011-11-11,94,6.4,,10723,TV-G,,0.64,2010,usa
tt0193187,movie,Genius,Rod Daniel,English,USA,1999,1999-08-21,82,6.3,,1570,TV-G,,0.63,1990,usa
,,,,,,,,,,,,,,,,
tt0119190,movie,George of the Jungle,Sam Weisman,"English, Spanish",USA,1997,1997-07-16,92,5.4,53.0,68409,PG,0.535,0.535,1990,usa
tt0322389,movie,George of the Jungle 2,David Grossman,English,"USA, Australia",2003,2003-10-20,87,3.3,,6039,PG,,0.32999999999999996,2000,usa_other
tt0131409,movie,Geri's Game,Jan Pinkava,,USA,1997,1997-11-25,4,7.9,,21679,,,0.79,1990,usa
tt0282521,movie,Get a Clue,Maggie Greenwald,English,USA,2002,2002-07-20,83,5.1,,5713,TV-G,,0.51,2000,usa
,,,,,,,,,,,,,,,,
tt2543796,series,Girl Meets World,,English,USA,2014,2014-06-27,23,7.2,,12220,TV-G,,0.72,2010,usa
tt0385726,movie,Glory Road,James Gartner,English,USA,2006,2006-01-13,118,7.2,58.0,41442,PG,0.6499999999999999,0.6499999999999999,2000,usa
tt0447987,movie,Go Figure,Francine McDougall,English,USA,2005,2005-06-10,88,5.7,,3121,TV-G,,0.5700000000000001,2000,usa
tt0399104,movie,Going to the Mat,Stuart Gillard,English,USA,2004,2004-03-19,120,6.8,,1212,G,,0.6799999999999999,2000,usa
tt1415889,series,Good Luck Charlie,,English,USA,2010,2010-04-04,22,7.0,,17475,TV-G,,0.7,2010,usa
tt1828976,movie,"Good Luck Charlie, It's Christmas!",Arlene Sanford,"English, Korean",USA,2011,2011-12-02,90,6.4,,4577,TV-G,,0.64,2010,usa
tt0103428,series,Goof Troop,,English,USA,1992,1992-09-05,30,6.8,,7293,TV-Y,,0.6799999999999999,1990,usa
tt9165706,series,Gordon Ramsay: Uncharted,,,,2019,2019-07-21,60,7.9,,316,,,0.79,2010,
tt0299943,movie,Gotta Kick It Up!,Ramón Menéndez,English,USA,2002,2002-07-26,78,5.8,,1551,TV-G,,0.58,2000,usa
,,,,,,,,,,,,,,,,
tt0025200,movie,The Grasshopper and the Ants,Wilfred Jackson,English,USA,1934,1934-02-10,8,7.3,,1304,Approved,,0.73,1930,usa
tt1769803,series,Great Migrations,,English,USA,2010,2010-11-07,45,8.1,,694,TV-PG,,0.8099999999999999,2010,usa
tt0054944,movie,Greyfriars Bobby: The True Story of a Dog,Don Chaffey,English,USA,1961,1961-07-17,87,7.3,,1203,Approved,,0.73,1960,usa
tt0074599,movie,Gus,Vincent McEveety,English,USA,1976,1976-07-07,96,5.9,52.0,1481,G,0.555,0.555,1970,usa
tt0067172,movie,Hacksaw,Larry Lansburgh,English,USA,1971,1971-09-26,89,6.2,,36,TV-PG,,0.62,1970,usa
tt0173886,movie,Halloweentown,Duwayne Dunham,English,USA,1998,1998-10-17,84,6.8,,11872,TV-G,,0.6799999999999999,1990,usa
tt0414078,movie,Halloweentown High,Mark A.Z. Dippé,English,USA,2004,2004-10-08,82,6.2,,5443,TV-G,,0.62,2000,usa
tt0274761,movie,Halloweentown II: Kalabar's Revenge,Mary Lambert,English,USA,2001,2001-10-12,81,6.5,,6476,TV-PG,,0.65,2000,usa
tt0451460,series,Handy Manny,,"English, Spanish","USA, Canada",2006,,24,5.6,,1288,TV-Y,,0.5599999999999999,2000,usa_other
tt0493093,series,Hannah Montana,,English,USA,2006,2006-03-24,23,5.0,,35066,TV-G,,0.5,2000,usa
tt1127884,movie,Hannah Montana and Miley Cyrus: Best of Both Worlds Concert,Bruce Hendricks,English,USA,2008,2008-02-01,74,2.3,59.0,8392,G,0.41,0.41,2000,usa
tt1114677,movie,Hannah Montana: The Movie,Peter Chelsom,English,USA,2009,2009-04-10,102,4.4,47.0,38414,G,0.455,0.455,2000,usa
,,,,,,,,,,,,,,,,
tt1222818,movie,Hatching Pete,Stuart Gillard,English,USA,2009,2009-04-24,90,5.4,,2324,TV-G,,0.54,2000,usa
tt0028981,movie,Hawaiian Holiday,Ben Sharpsteen,English,USA,1937,1937-09-24,8,7.2,,823,PASSED,,0.72,1930,usa
tt0110006,movie,Heavyweights,Steven Brill,English,USA,1995,1995-02-17,100,6.6,42.0,24212,PG,0.5399999999999999,0.5399999999999999,1990,usa
tt2746314,series,Henry Hugglemonster,,"English, Korean","Ireland, UK, USA, South Korea, Canada",2013,2013-04-15,22,5.1,,312,TV-Y,,0.51,2010,usa_other
tt0080861,movie,Herbie Goes Bananas,Vincent McEveety,"English, Spanish",USA,1980,1980-06-25,100,5.0,55.0,4958,G,0.525,0.525,1980,usa
tt0076137,movie,Herbie Goes to Monte Carlo,Vincent McEveety,"English, French",USA,1977,1977-06-24,105,5.7,38.0,6553,G,0.47500000000000003,0.47500000000000003,1970,usa
tt0071607,movie,Herbie Rides Again,Robert Stevenson,English,USA,1974,1974-06-06,88,5.7,49.0,7035,G,0.53,0.53,1970,usa
tt0400497,movie,Herbie Fully Loaded,Angela Robinson,English,USA,2005,2005-06-22,101,4.8,47.0,43653,G,0.475,0.475,2000,usa
tt0119282,movie,Hercules,"Ron Clements, John Musker","English, Spanish, Greek","USA, France",1997,1997-06-20,93,7.3,74.0,195894,G,0.735,0.735,1990,usa_other
tt0475293,movie,High School Musical,Kenny Ortega,"English, Spanish",USA,2006,2006-01-20,98,5.4,,77328,TV-G,,0.54,2000,usa
tt0810900,movie,High School Musical 2,Kenny Ortega,English,USA,2007,2007-08-17,104,5.0,,52782,TV-G,,0.5,2000,usa
tt0962726,movie,High School Musical 3,Kenny Ortega,English,USA,2008,2008-10-24,112,4.8,57.0,55628,G,0.5249999999999999,0.5249999999999999,2000,usa
tt8510382,series,High School Musical: The Musical - The Series,,English,USA,2019,2019-11-12,31,7.3,,2038,TV-PG,,0.73,2010,usa
,,,,,,,,,,,,,,,,
tt11448424,movie,High School Musical: The Musical: The Series: The Special,Clayton Cogswell,English,USA,2019,2019-12-20,23,7.8,,14,TV-G,,0.78,2010,usa
tt0107120,movie,Hocus Pocus,Kenny Ortega,"English, French",USA,1993,1993-07-16,96,6.9,,89713,PG,,0.6900000000000001,1990,usa
tt0311289,movie,Holes,Andrew Davis,English,USA,2003,2003-04-18,117,7.0,71.0,74143,PG,0.705,0.705,2000,usa
tt0119303,movie,Home Alone 3,Raja Gosnell,"English, Polish",USA,1997,1997-12-12,102,4.5,,101062,PG,,0.45,1990,usa
tt0299172,movie,Home on the Range,"Will Finn, John Sanford","English, Mandarin",USA,2004,2004-04-02,76,5.3,50.0,19123,PG,0.515,0.515,2000,usa
tt0116552,movie,Homeward Bound II: Lost in San Francisco,David R. Ellis,English,USA,1996,1996-03-08,88,5.9,,13127,G,,0.5900000000000001,1990,usa
tt0107131,movie,Homeward Bound: The Incredible Journey,Duwayne Dunham,English,USA,1993,1993-02-12,84,6.9,,40421,G,,0.6900000000000001,1990,usa
tt0104437,movie,"Honey, I Blew Up the Kid",Randal Kleiser,English,USA,1992,1992-07-17,89,4.8,50.0,39775,PG,0.49,0.49,1990,usa
tt0097523,movie,"Honey, I Shrunk the Kids",Joe Johnston,English,"USA, Mexico",1989,1989-06-23,93,6.3,63.0,137074,PG,0.63,0.63,1980,usa_other
tt0119310,movie,"Honey, We Shrunk Ourselves!",Dean Cundey,English,USA,1997,1997-03-18,74,5.0,,12439,PG,,0.5,1990,usa
tt0219813,movie,Horse Sense,Greg Beeman,English,USA,1999,1999-11-20,92,6.2,,1485,TV-G,,0.62,1990,usa
tt8390274,series,Hostile Planet,,English,USA,2019,2019-04-01,47,8.2,,382,,,0.82,2010,usa
tt0274557,movie,Hounded,Neal Israel,English,USA,2001,2001-04-01,91,5.1,,894,TV-G,,0.51,2000,usa
tt5648768,movie,How Dogs Got Their Shapes,Keith Haskel,English,USA,2016,2016-04-17,,6.8,,34,,,0.6799999999999999,2010,usa
tt3098874,movie,How to Build a Better Boy,Paul Hoen,"English, French",USA,2014,2014-08-15,90,5.5,,2484,TV-G,,0.55,2010,usa
tt0034873,movie,How to Fish,Jack Kinney,English,USA,1942,1942-12-04,7,7.0,,367,,,0.7,1940,usa
tt0034874,movie,How to Play Baseball,Jack Kinney,English,USA,1942,1942-09-04,8,7.3,,462,,,0.73,1940,usa
tt0036933,movie,How to Play Football,Jack Kinney,English,USA,1944,1944-09-15,7,7.2,,826,Approved,,0.72,1940,usa
tt0034875,movie,How to Swim,Jack Kinney,English,USA,1942,1942-10-23,8,7.1,,386,,,0.71,1940,usa
tt2455514,series,Hulk and the Agents of S.M.A.S.H.,,English,USA,2013,2013-08-11,23,6.1,,2473,TV-Y7,,0.61,2010,usa
tt0155753,movie,I'll Be Home for Christmas,Arlene Sanford,English,"USA, Canada",1998,1998-11-13,86,5.5,,8812,PG,,0.55,1990,usa_other
tt0268380,movie,Ice Age,"Chris Wedge, Carlos Saldanha(co-director)",English,USA,2002,2002-03-15,81,7.5,60.0,421204,PG,0.675,0.675,2000,usa
tt5480340,movie,Ice Age: The Great Egg-Scapade,"Paul Stodolny, Ricardo Curtis, Steve Martino, Mike Thurmeier",English,USA,2016,2016-03-20,25,5.9,,2814,TV-PG,,0.5900000000000001,2010,usa
tt0396652,movie,Ice Princess,Tim Fywell,English,"USA, Canada",2005,2005-03-18,98,6.0,55.0,23891,G,0.575,0.575,2000,usa_other
tt1101237,series,Imagination Movers,,English,USA,2008,2008-09-06,30,7.0,,682,,,0.7,2000,usa
,,,,,,,,,,,,,,,,
tt12100044,movie,In the Footsteps of Elephant,"Vanessa Berlowitz, Tom Stephens(co-director)",English,USA,2020,2020-04-03,85,8.1,,17,G,,0.8099999999999999,2020,usa
tt4664808,episode,Incredible! The Story of Dr. Pol,,,,2015,2015-01-10,44,,,,,,,2010,
,,,,,,,,,,,,,,,,
tt2096673,movie,Inside Out,"Pete Docter, Ronnie Del Carmen(co-director)",English,USA,2015,2015-06-19,95,8.2,94.0,577209,PG,0.8799999999999999,0.8799999999999999,2010,usa
tt0141369,movie,Inspector Gadget,David Kellogg,"English, Norwegian, French, Spanish",USA,1999,1999-07-23,78,4.1,36.0,43808,PG,0.385,0.385,1990,usa
tt0301454,movie,Inspector Gadget 2,Alex Zamm,English,USA,2003,2003-03-11,89,3.4,,5423,G,,0.33999999999999997,2000,usa
tt9822474,movie,Into the Canyon,Peter McBride,English,USA,2019,2019-02-21,84,7.7,,94,,,0.77,2010,usa
tt7573844,movie,Into the Okavango,Neil Gelinas,English,"USA, Angola, Botswana, Namibia, South Africa",2018,2018-04-22,88,7.6,,183,,,0.76,2010,usa_other
tt0445990,movie,Invincible,Ericson Core,English,USA,2006,2006-08-25,105,7.1,63.0,63682,PG,0.6699999999999999,0.6699999999999999,2000,usa
tt4420110,movie,Invisible Sister,Paul Hoen,English,USA,2015,2015-10-09,80,6.1,,2240,TV-G,,0.61,2010,usa
tt0115218,series,Iron Man,,English,USA,1994,1994-09-24,30,6.7,,2638,TV-Y7,,0.67,1990,usa
tt0837143,series,Iron Man: Armored Adventures,,English,"Canada, USA, UK, France",2008,,22,6.5,,2671,TV-Y7,,0.65,2000,usa_other
tt0110157,movie,Iron Will,Charles Haid,English,USA,1994,1994-01-14,108,6.6,56.0,7095,PG,0.61,0.61,1990,usa
,,,,,,,,,,,,,,,,
tt0116669,movie,Jack,Francis Ford Coppola,"English, Spanish",USA,1996,1996-08-09,113,5.8,31.0,54474,PG-13,0.44499999999999995,0.44499999999999995,1990,usa
tt0455565,movie,Jack-Jack Attack,Brad Bird,English,USA,2005,2008-01-11,5,7.6,,13829,Not Rated,,0.76,2000,usa
tt0116683,movie,James and the Giant Peach,Henry Selick,English,"UK, USA",1996,1996-04-12,79,6.7,78.0,57814,PG,0.7250000000000001,0.7250000000000001,1990,usa_other
tt7207238,movie,Jane,Brett Morgen,English,USA,2017,2017-11-24,90,7.8,87.0,3897,PG,0.825,0.825,2010,usa
,,,,,,,,,,,,,,,,
tt1865769,series,Jessie,,English,USA,2011,2011-09-30,30,5.9,,11715,TV-G,,0.5900000000000001,2010,usa
tt2278028,episode,Episode #2.7,,,,2013,2013-01-05,,,,,,,,2010,
tt0401729,movie,John Carter,Andrew Stanton,English,USA,2012,2012-03-09,132,6.6,51.0,248903,PG-13,0.585,0.585,2010,usa
tt0942378,movie,Johnny Kapahala: Back on Board,Eric Bross,English,USA,2007,2007-11-23,90,5.5,,1922,Not Rated,,0.55,2000,usa
tt0206064,movie,Johnny Tsunami,Steve Boyum,English,USA,1999,1999-07-24,88,6.3,,4615,TV-G,,0.63,1990,usa
tt1229827,movie,Jonas Brothers: The 3D Concert Experience,Bruce Hendricks,English,USA,2009,2009-02-27,76,1.5,45.0,17198,G,0.3,0.3,2000,usa
tt1647936,series,Nature Untamed,,English,USA,2008,,,,,,,,,2000,usa
tt0052948,movie,Journey to the Center of the Earth,Henry Levin,"English, Swedish, French, Italian, Russian",USA,1959,1959-12-01,129,7.0,,15008,Approved,,0.7,1950,usa
tt0805559,movie,Jump In!,Paul Hoen,English,USA,2007,2007-04-27,85,5.3,,6574,TV-G,,0.53,2000,usa
tt0271172,movie,Jumping Ship,Michael Lange,English,"Australia, USA",2001,2001-08-17,93,6.2,,1603,TV-G,,0.62,2000,usa_other
tt0119432,movie,Jungle 2 Jungle,John Pasquin,English,"USA, France",1997,1997-03-07,105,5.2,42.0,22111,PG,0.47,0.47,1990,usa_other
tt0053977,movie,Jungle Cat,James Algar,English,USA,1960,1960-10-19,69,7.4,,205,Approved,,0.74,1960,usa
tt0068789,movie,Justin Morgan Had a Horse,Hollingsworth Morse,English,USA,1972,1972-02-06,91,6.5,,125,TV-G,,0.65,1970,usa
tt0116756,movie,Kazaam,Paul Michael Glaser,English,USA,1996,1996-07-17,93,3.0,24.0,22405,PG,0.27,0.27,1990,usa
tt1765622,series,Kickin' It,,English,USA,2011,2011-06-13,22,6.3,,4372,TV-Y7,,0.63,2010,usa
tt7979492,movie,Kim Possible,"Zach Lipovsky, Adam B. Stein",English,USA,2019,2019-02-15,86,3.6,,2030,TV-G,,0.36,2010,usa
tt0446724,movie,Kim Possible: So the Drama,Steve Loter,English,USA,2005,2005-04-08,71,7.1,,3728,TV-G,,0.71,2000,usa
,,,,,,,,,,,,,,,,
tt1403075,movie,Kingdom of the Blue Whale,,English,USA,2009,2009-03-08,,7.3,,77,,,0.73,2000,usa
tt10704300,series,Kingdom of the White Wolf,,English,USA,2019,2019-08-25,,8.2,,56,,,0.82,2010,usa
tt9536832,movie,Kitbull,Rosana Sullivan,English,USA,2019,2019-02-18,9,8.0,,3834,PG,,0.8,2010,usa
,,,,,,,,,,,,,,,,
tt0401398,movie,Kronk's New Groove,"Saul Blinkoff, Elliot M. Bour",English,USA,2005,2005-12-13,75,5.8,,10599,G,,0.58,2000,usa
tt1957945,movie,La Luna,Enrico Casarosa,,USA,2011,2012-06-22,7,8.0,,12217,G,,0.8,2010,usa
tt1991564,series,Lab Rats,,English,USA,2012,,22,6.6,,4349,TV-Y7,,0.6599999999999999,2010,usa
tt8096832,movie,Lady and the Tramp,Charlie Bean,English,USA,2019,2019-11-12,103,6.3,48.0,12134,PG,0.5549999999999999,0.5549999999999999,2010,usa
tt0048280,movie,Lady and the Tramp,"Clyde Geronimi, Wilfred Jackson, Hamilton Luske",English,USA,1955,1955-06-22,76,7.3,78.0,116990,G,0.755,0.755,1950,usa
tt0249677,movie,Lady and the Tramp 2: Scamp's Adventure,"Darrell Rooney, Jeannine Roussel(co-director)",English,"USA, Australia",2001,2001-02-27,69,5.9,,9837,G,,0.5900000000000001,2000,usa_other
tt0044821,movie,Lambert the Sheepish Lion,Jack Hannah,English,USA,1952,1952-02-08,8,7.7,,1848,Approved,,0.77,1950,usa
tt10167262,movie,Lamp Life,Valerie LaPointe,English,USA,2020,2020-01-31,7,6.7,,980,,,0.67,2020,usa
,,,,,,,,,,,,,,,,
tt6110430,series,Lego Frozen Northern Lights,,English,USA,2016,2016-11-01,,5.7,,401,TV-Y7,,0.5700000000000001,2010,usa
tt9297164,series,Lego Star Wars: All-Stars,,English,USA,2018,2018-10-29,22,6.5,,127,TV-Y7,,0.65,2010,usa
,,,,,,,,,,,,,,,,
tt4855868,series,Lego Star Wars: Droid Tales,,English,USA,2015,2015-07-06,23,7.5,,617,,,0.75,2010,usa
tt8352934,series,LEGO Star Wars: The Resistance Rises,,English,"USA, Denmark",2016,2016-02-15,24,5.6,,17,,,0.5599999999999999,2010,usa_other
tt5459566,series,Lego Star Wars: The Freemaker Adventures,,English,USA,2016,2016-06-20,23,7.5,,680,TV-Y7,,0.75,2010,usa
,,,,,,,,,,,,,,,,
tt4283838,movie,The New Yoda Chronicles: Clash of the Skywalkers,Michael Hegner,English,"Denmark, China",2014,2014-11-23,22,7.4,,54,,,0.74,2010,other
tt3978590,movie,The New Yoda Chronicles: Raid on Coruscant,Michael Hegner,English,"Denmark, China",2014,2014-09-20,22,7.5,,65,,,0.75,2010,other
,,,,,,,,,,,,,,,,
tt3688956,movie,The New Yoda Chronicles: Escape from the Jedi Temple,Michael Hegner,English,"Denmark, China",2014,2014-05-04,22,7.5,,161,,,0.75,2010,other
tt3014650,series,Lego Star Wars: The Yoda Chronicles,,English,USA,2013,,,7.5,,364,,,0.75,2010,usa
tt1648204,movie,Lemonade Mouth,Patricia Riggen,English,USA,2011,2011-04-15,103,6.9,,13515,TV-PG,,0.6900000000000001,2010,usa
tt0033824,movie,Lend a Paw,Clyde Geronimi,English,USA,1941,1941-10-03,8,7.1,,803,APPROVED,,0.71,1940,usa
tt0486761,movie,Leroy & Stitch,"Tony Craig, Roberts Gannaway",English,USA,2006,2006-06-23,73,6.2,,4565,G,,0.62,2000,usa
tt2165933,movie,Let It Shine,Paul Hoen,English,USA,2012,2012-06-01,104,6.4,,2731,TV-G,,0.64,2010,usa
tt0044835,movie,Let's Stick Together,Jack Hannah,English,USA,1952,1952-04-25,7,7.0,,221,,,0.7,1950,usa
tt2964642,series,Life Below Zero,,English,USA,2013,2013-05-19,44,8.0,,1429,TV-PG,,0.8,2010,usa
tt0450455,movie,Life Is Ruff,Charles Haid,English,USA,2005,2005-07-15,84,4.9,,1205,TV-G,,0.49000000000000005,2000,usa
tt0107413,movie,Life with Mikey,James Lapine,English,USA,1993,1993-06-04,91,5.6,,5221,PG,,0.5599999999999999,1990,usa
tt3920782,movie,Life-Size 2,Steven K. Tsuchida,English,USA,2018,2018-12-02,81,4.8,,727,TV-14,,0.48,2010,usa
tt0945571,movie,Lifted,Gary Rydstrom,,USA,2006,2007-06-29,5,7.9,,17178,G,,0.79,2000,usa
tt0275847,movie,Lilo & Stitch,"Dean DeBlois, Chris Sanders","English, Hawaiian",USA,2002,2002-06-21,85,7.2,73.0,160264,PG,0.725,0.725,2000,usa
tt0364774,series,Lilo & Stitch: The Series,,English,USA,2003,2003-09-20,22,6.7,,7344,TV-Y,,0.67,2000,usa
tt0457993,movie,Lilo & Stitch 2: Stitch Has a Glitch,"Michael LaBash, Tony Leondis","English, French, Spanish",USA,2005,2005-08-30,68,6.3,,11210,PG,,0.63,2000,usa
tt0273366,series,Lizzie McGuire,,English,USA,2001,2001-01-12,30,6.6,,16649,TV-G,,0.6599999999999999,2000,usa
tt0029161,movie,Lonesome Ghosts,Burt Gillett,English,USA,1937,1937-12-24,9,7.7,,1838,,,0.77,1930,usa
tt9536836,movie,Loop,Erica Milsom,English,USA,2020,2020-01-10,9,6.7,,362,PG,,0.67,2020,usa
tt10366494,series,Lost Cities with Albert Lin,,English,USA,2019,2019-10-01,,8.7,,63,,,0.8699999999999999,2010,usa
,,,,,,,,,,,,,,,,
tt10276578,series,Lost Treasures of the Maya,Ben Crichton,English,"USA, Guatemala",2018,2018-02-06,,6.4,,56,,,0.64,2010,usa_other
tt6267732,movie,Lou,Dave Mullins,English,USA,2017,2017-06-16,7,7.9,,5581,G,,0.79,2010,usa
,,,,,,,,,,,,,,,,
tt0274636,movie,The Luck of the Irish,Paul Hoen,English,USA,2001,2001-03-09,86,6.2,,6337,TV-G,,0.62,2000,usa
,,,,,,,,,,,,,,,,
tt11898442,movie,Playdate with Destiny,David Silverman,English,USA,2020,2020-03-06,5,6.7,,686,G,,0.67,2020,usa
tt0029188,movie,Magician Mickey,David Hand,English,USA,1937,1937-02-06,8,7.3,,818,Approved,,0.73,1930,usa
,,,,,,,,,,,,,,,,
,,,,,,,,,,,,,,,,
tt7974952,movie,Man Among Cheetahs,,English,USA,2017,2017-12-11,,6.5,,15,,,0.65,2010,usa
tt1305591,movie,Mars Needs Moms,Simon Wells,English,USA,2011,2011-03-11,88,5.4,49.0,20441,PG,0.515,0.515,2010,usa
tt9269852,movie,MARS: Inside SpaceX,Julia Reagan,English,USA,2018,2018-11-12,46,7.4,,534,,,0.74,2010,usa
tt4128102,movie,Marvel 75 Years: From Pulp to Pop!,Zak Knutson,English,USA,2014,2014-11-04,42,7.4,,594,,,0.74,2010,usa
tt0112175,series,Spider-Man: The Animated Series,,English,USA,1994,1994-11-19,23,8.3,,24829,TV-Y,,0.8300000000000001,1990,usa
tt0115215,series,The Incredible Hulk,,English,USA,1996,1996-09-08,20,6.8,,2643,TV-Y7,,0.6799999999999999,1990,usa
tt0103584,series,X-Men: The Animated Series,,English,"USA, Canada",1992,1992-10-31,23,8.4,,36206,TV-Y7,,0.8400000000000001,1990,usa_other
tt10863978,movie,Marvel Rising: Battle of the Bands,,English,USA,2019,2019-08-28,22,5.0,,85,,,0.5,2010,usa
tt9073748,movie,Marvel Rising: Chasing Ghosts,Alfred Gimeno,English,USA,2019,2019-01-16,22,4.6,,242,,,0.45999999999999996,2010,usa
tt9073746,movie,Marvel Rising: Heart of Iron,"Sol Choi, Alfred Gimeno",English,USA,2019,2019-03-31,44,4.0,,306,,,0.4,2010,usa
tt9073722,series,Marvel Rising: Initiation,,English,USA,2018,2018-08-13,,4.9,,255,,,0.49000000000000005,2010,usa
tt11113964,movie,Marvel Rising: Operation Shuri,"Chris Rutkowski, Eric Radomski",English,USA,2019,2019-10-11,21,,,,TV-Y7-FV,,,2010,usa
tt11483514,movie,Marvel Rising: Playing with Fire,"Sol Choi, Eric Radomski",English,USA,2019,2019-12-18,44,5.5,,61,TV-Y7-FV,,0.55,2010,usa
tt7728344,movie,Marvel Rising: Secret Warriors,"Alfred Gimeno, Eric Radomski",English,USA,2018,2018-09-30,80,5.1,,854,,,0.51,2010,usa
tt3591568,movie,Marvel Studios: Assembling a Universe,,English,USA,2014,2014-03-18,43,7.6,,936,TV-PG,,0.76,2010,usa
,,,,,,,,,,,,,,,,
tt0478970,movie,Ant-Man,Peyton Reed,English,USA,2015,2015-07-17,117,7.3,64.0,540523,PG-13,0.685,0.685,2010,usa
tt2395427,movie,Avengers: Age of Ultron,Joss Whedon,"English, Korean",USA,2015,2015-05-01,141,7.3,66.0,711205,PG-13,0.6950000000000001,0.6950000000000001,2010,usa
tt4154796,movie,Avengers: Endgame,"Anthony Russo, Joe Russo","English, Japanese, Xhosa, German",USA,2019,2019-04-26,181,8.4,78.0,694527,PG-13,0.81,0.81,2010,usa
tt1825683,movie,Black Panther,Ryan Coogler,"English, Swahili, Nama, Xhosa, Korean",USA,2018,2018-02-16,134,7.3,88.0,579293,PG-13,0.8049999999999999,0.8049999999999999,2010,usa
tt3498820,movie,Captain America: Civil War,"Anthony Russo, Joe Russo","English, German, Xhosa, Russian, Romanian, Hindi",USA,2016,2016-05-06,147,7.8,75.0,628016,PG-13,0.765,0.765,2010,usa
tt0458339,movie,Captain America: The First Avenger,Joe Johnston,"English, Norwegian, French",USA,2011,2011-07-22,124,6.9,66.0,711603,PG-13,0.675,0.675,2010,usa
tt1843866,movie,Captain America: The Winter Soldier,"Anthony Russo, Joe Russo","English, French",USA,2014,2014-04-04,136,7.7,70.0,706555,PG-13,0.735,0.735,2010,usa
tt4154664,movie,Captain Marvel,"Anna Boden, Ryan Fleck",English,"USA, Australia",2019,2019-03-08,123,6.9,64.0,406778,PG-13,0.665,0.665,2010,usa_other
tt1211837,movie,Doctor Strange,Scott Derrickson,English,USA,2016,2016-11-04,115,7.5,72.0,562696,PG-13,0.735,0.735,2010,usa
tt2015381,movie,Guardians of the Galaxy,James Gunn,English,USA,2014,2014-08-01,121,8.0,76.0,1007917,PG-13,0.78,0.78,2010,usa
tt3896198,movie,Guardians of the Galaxy Vol. 2,James Gunn,English,USA,2017,2017-05-05,136,7.6,67.0,537920,PG-13,0.7150000000000001,0.7150000000000001,2010,usa
tt0371746,movie,Iron Man,Jon Favreau,"Hungarian, Kurdish, Hindi, English, Persian, Urdu, Arabic",USA,2008,2008-05-02,126,7.9,79.0,910300,PG-13,0.79,0.79,2000,usa
tt1228705,movie,Iron Man 2,Jon Favreau,"English, French, Russian",USA,2010,2010-05-07,124,7.0,57.0,693517,PG-13,0.635,0.635,2010,usa
tt1300854,movie,Iron Man 3,Shane Black,English,USA,2013,2013-05-03,130,7.2,62.0,730917,PG-13,0.6699999999999999,0.6699999999999999,2010,usa
tt0848228,movie,The Avengers,Joss Whedon,"English, Russian, Hindi",USA,2012,2012-05-04,143,8.0,69.0,1225316,PG-13,0.745,0.745,2010,usa
tt0800369,movie,Thor,Kenneth Branagh,English,USA,2011,2011-05-06,115,7.0,57.0,717145,PG-13,0.635,0.635,2010,usa
tt3501632,movie,Thor: Ragnarok,Taika Waititi,English,USA,2017,2017-11-03,130,7.9,74.0,542938,PG-13,0.765,0.765,2010,usa
tt1981115,movie,Thor: The Dark World,Alan Taylor,English,USA,2013,2013-11-08,112,6.9,54.0,571192,PG-13,0.615,0.615,2010,usa
tt7726152,series,Marvel Super Hero Adventures,,English,USA,2017,2017-10-13,4,6.1,,63,,,0.61,2010,usa
tt1722512,series,Ultimate Spider-Man,,English,USA,2012,2012-04-01,23,7.1,,9725,TV-Y7,,0.71,2010,usa
tt3475734,series,Agent Carter,,English,USA,2015,2015-01-06,42,7.9,,69458,TV-PG,,0.79,2010,usa
tt7249258,series,Ant-Man,,English,USA,2017,2017-06-10,2,6.7,,246,,,0.67,2010,usa
tt2455546,series,Avengers Assemble,,English,USA,2013,2013-05-26,23,7.0,,6168,TV-Y7,,0.7,2010,usa
,,,,,,,,,,,,,,,,
tt6591446,series,Marvel Future Avengers,,Japanese,,2017,2017-07-22,,6.0,,75,TV-PG,,0.6,2010,
tt4176370,series,Guardians of the Galaxy,,English,USA,2015,2015-07-26,22,7.4,,2520,TV-Y7,,0.74,2010,usa
,,,,,,,,,,,,,,,,
tt10163846,series,Marvel's Hero Project,,English,USA,2019,2019-11-12,,6.2,,97,TV-G,,0.62,2010,usa
tt4154858,series,Inhumans,,English,USA,2017,2017-09-29,43,5.0,,20672,TV-PG,,0.5,2010,usa
tt3221698,movie,Iron Man & Hulk: Heroes United,"Eric Radomski, Leo Riley",English,USA,2013,2013-12-03,71,4.7,,2012,PG,,0.47000000000000003,2010,usa
tt6603254,series,Rocket & Groot,,,,2017,2017-03-10,,7.0,,160,,,0.7,2010,
tt1236246,series,Runaways,,English,USA,2017,2017-11-21,60,7.0,,20241,TV-14,,0.7,2010,usa
tt6135682,series,Spider-Man,,English,USA,2017,2017-07-29,21,6.1,,1440,TV-Y7,,0.61,2010,usa
,,,,,,,,,,,,,,,,
,,,,,,,,,,,,,,,,
tt0058331,movie,Mary Poppins,Robert Stevenson,English,USA,1964,1965-06-18,139,7.8,88.0,151417,G,0.8300000000000001,0.8300000000000001,1960,usa
tt0901686,movie,Mater and the Ghostlight,"John Lasseter, Dan Scanlon(co-director)",English,USA,2006,2006-10-25,7,6.6,,7151,G,,0.6599999999999999,2000,usa
tt0120645,movie,Meet the Deedles,Steve Boyum,English,USA,1998,1998-03-27,93,4.1,,2567,PG,,0.41,1990,usa
tt0396555,movie,Meet the Robinsons,Stephen J. Anderson,English,USA,2007,2007-03-30,95,6.8,61.0,84040,G,0.645,0.645,2000,usa
tt0040580,movie,Melody Time,"Clyde Geronimi, Wilfred Jackson, Jack Kinney, Hamilton Luske",English,USA,1948,1948-05-27,75,6.4,69.0,4534,Approved,0.665,0.665,1940,usa
,,,,,,,,,,,,,,,,
tt2768802,series,Mickey Mouse,,English,USA,2013,2013-03-12,4,8.1,,1772,TV-G,,0.8099999999999999,2010,usa
tt0047757,series,The Mickey Mouse Club,,English,USA,1955,1955-07-17,60,7.7,,609,TV-G,,0.77,1950,usa
tt6264782,series,Mickey Mouse Mixed-Up Adventures,,English,USA,2017,2017-01-15,21,6.2,,335,TV-Y,,0.62,2010,usa
tt0371823,movie,"Mickey, Donald, Goofy: The Three Musketeers",Donovan Cook,English,USA,2004,2004-08-17,68,6.4,,7496,G,,0.64,2000,usa
tt0035064,movie,Mickey's Birthday Party,Riley Thomson,English,USA,1942,1942-02-07,8,6.6,,607,Approved,,0.6599999999999999,1940,usa
tt0085936,movie,Mickey's Christmas Carol,"Burny Mattinson, Richard Rich",English,USA,1983,1983-12-16,26,8.1,,9549,G,,0.8099999999999999,1980,usa
,,,,,,,,,,,,,,,,
tt0238414,movie,Mickey's Once Upon a Christmas,"Jun Falkenstein, Alex Mann, Bradley Raymond, Toby Shelton, Bill Speers",English,USA,1999,1999-11-09,66,7.2,,6247,Not Rated,,0.72,1990,usa
tt0027964,movie,Mickey's Rival,Wilfred Jackson,English,USA,1936,1936-06-20,8,6.9,,533,Approved,,0.6900000000000001,1930,usa
tt0030448,movie,Mickey's Trailer,Ben Sharpsteen,English,USA,1938,1938-05-06,8,7.9,,2542,Not Rated,,0.79,1930,usa
tt0424279,movie,Mickey's Twice Upon a Christmas,"Carole Holliday, Matthew O'Callaghan, Theresa Cullen",English,USA,2004,2004-11-09,68,6.5,,3756,G,,0.65,2000,usa
tt0120751,movie,Mighty Joe Young,Ron Underwood,"English, Swahili",USA,1998,1998-12-25,114,5.6,51.0,26795,PG,0.5349999999999999,0.5349999999999999,1990,usa
tt0323250,movie,Mike's New Car,"Pete Docter, Roger Gould",English,USA,2002,2002-08-09,4,7.1,,11759,Not Rated,,0.71,2000,usa
tt3098856,series,Mission Force One,,English,USA,2015,2015-02-06,30,6.7,,416,,,0.67,2010,usa
tt0366777,movie,Millions,Danny Boyle,English,UK,2004,2005-04-29,98,6.9,74.0,24147,PG-13,0.7150000000000001,0.7150000000000001,2000,other
tt1072755,movie,Minutemen,Lev L. Spiro,English,USA,2008,2008-01-25,98,5.8,,5182,TV-G,,0.58,2000,usa
tt0349825,movie,Miracle,Gavin O'Connor,English,"Canada, USA",2004,2004-02-06,135,7.5,68.0,45667,PG,0.7150000000000001,0.7150000000000001,2000,usa_other
tt0157996,movie,Miracle at Midnight,Ken Cameron,English,USA,1998,1998-05-17,90,7.0,,293,,,0.7,1990,usa
tt0218440,movie,Miracle in Lane 2,Greg Beeman,English,USA,2000,2000-05-13,120,6.0,,1835,G,,0.6,2000,usa
tt3067436,movie,Miracle Landing on the Hudson,Simon George,English,USA,2014,2014-01-05,90,6.7,,67,,,0.67,2010,usa
tt0039628,movie,Miracle on 34th Street,George Seaton,"English, Dutch",USA,1947,1947-10-02,96,7.9,88.0,38715,Not Rated,0.835,0.835,1940,usa
tt9165688,movie,Mission to the Sun,Daniel M. Smith,English,USA,2018,2018-11-19,60,7.1,,51,,,0.71,2010,usa
tt3521164,movie,Moana,"Ron Clements, John Musker, Don Hall(co-director), Chris Williams(co-director)",English,USA,2016,2016-11-23,107,7.6,81.0,250176,PG,0.785,0.785,2010,usa
tt0250593,movie,Mom's Got a Date with a Vampire,Steve Boyum,English,"Canada, USA",2000,2000-10-13,85,5.9,,3300,TV-PG,,0.5900000000000001,2000,usa_other
tt1453405,movie,Monsters University,Dan Scanlon,English,USA,2013,2013-06-21,104,7.3,65.0,308588,G,0.69,0.69,2010,usa
tt0198781,movie,"Monsters, Inc.","Pete Docter, David Silverman(co-director), Lee Unkrich(co-director)",English,USA,2001,2001-11-02,92,8.0,79.0,779728,G,0.795,0.795,2000,usa
tt0273842,movie,Motocrossed,Steve Boyum,English,USA,2001,2001-02-16,110,6.6,,4203,TV-G,,0.6599999999999999,2000,usa
tt0091566,episode,Mr. Boogedy,Oz Scott,English,USA,1986,1986-04-20,46,7.3,,1173,TV-PG,,0.73,1980,usa
tt0032814,movie,Mr. Duck Steps Out,Jack King,English,USA,1940,1940-06-07,8,7.5,,511,TV-G,,0.75,1940,usa
tt0032815,movie,Mr. Mouse Takes a Trip,Clyde Geronimi,English,USA,1940,1940-11-01,8,7.2,,557,,,0.72,1940,usa
tt0120762,movie,Mulan,"Tony Bancroft, Barry Cook","English, Mandarin",USA,1998,1998-06-19,88,7.6,71.0,237755,G,0.735,0.735,1990,usa
tt0279967,movie,Mulan II,"Darrell Rooney, Lynne Southerland",English,"USA, South Korea, Singapore, Russia, Malaysia, Kazakhstan, Taiwan, Hong Kong, Japan, China, India, Syria, Iran, Egypt, Pakistan",2004,2004-12-17,79,5.7,,20851,G,,0.5700000000000001,2000,usa_other
tt6337766,series,Muppet Babies,,,"South Korea, USA, China, Japan",2018,2018-03-23,23,7.0,,329,TV-Y,,0.7,2010,usa_other
,,,,,,,,,,,,,,,,
tt4555736,series,Muppet Moments,,English,USA,2015,2015-04-03,,8.8,,6,,,0.8800000000000001,2010,usa
tt0117110,movie,Muppet Treasure Island,"Brian Henson, David Lane",English,USA,1996,1996-02-16,99,7.0,64.0,20293,G,0.6699999999999999,0.6699999999999999,1990,usa
tt2281587,movie,Muppets Most Wanted,James Bobin,"English, German",USA,2014,2014-03-21,107,6.4,61.0,30336,PG,0.625,0.625,2010,usa
tt0064705,episode,"My Dog, the Thief: Part 1",Robert Stevenson,English,USA,1969,1969-09-21,88,6.6,,77,,,0.6599999999999999,1960,usa
tt0120764,movie,My Favorite Martian,Donald Petrie,English,USA,1999,1999-02-12,94,5.1,33.0,12448,PG,0.42000000000000004,0.42000000000000004,1990,usa
tt0805905,series,My Friends Tigger & Pooh,,"English, Spanish, German, Japanese, French, Abkhazian, Portuguese",USA,2007,2007-05-12,30,5.7,,363,TV-Y,,0.5700000000000001,2000,usa
tt0368891,movie,National Treasure,Jon Turteltaub,"English, Spanish",USA,2004,2004-11-19,131,6.8,39.0,295236,PG,0.5349999999999999,0.5349999999999999,2000,usa
tt0465234,movie,National Treasure: Book of Secrets,Jon Turteltaub,"English, French",USA,2007,2007-12-21,124,6.5,48.0,212576,PG,0.565,0.565,2000,usa
tt0043839,movie,Nature's Half Acre,James Algar,English,USA,1951,1951-07-28,33,7.7,,86,PASSED,,0.77,1950,usa
tt0104990,movie,Newsies,Kenny Ortega,English,USA,1992,1992-04-10,121,7.0,46.0,18094,PG,0.58,0.58,1990,usa
tt6346162,movie,Disney's Newsies: The Broadway Musical!,"Jeff Calhoun, Brett Sullivan",English,USA,2017,2017-02-16,149,8.5,,1703,PG,,0.85,2010,usa
tt5097410,movie,Noelle,Marc Lawrence,English,USA,2019,2019-11-12,100,6.2,48.0,9752,G,0.55,0.55,2010,usa
tt0426568,movie,Now You See It...,Duwayne Dunham,English,USA,2005,2005-01-14,83,6.3,,2047,TV-G,,0.63,2000,usa
tt5452780,movie,Olaf's Frozen Adventure,"Kevin Deters, Stevie Wermers",English,USA,2017,2017-10-27,22,5.5,,10650,G,,0.55,2010,usa
tt0976238,movie,Old Dogs,Walt Becker,"English, Ukrainian",USA,2009,2009-11-25,88,5.4,19.0,35534,PG,0.365,0.365,2000,usa
tt0050798,movie,Old Yeller,Robert Stevenson,English,USA,1957,1959-07-10,83,7.3,84.0,11270,Approved,0.7849999999999999,0.7849999999999999,1950,usa
tt0095776,movie,Oliver & Company,George Scribner,English,USA,1988,1988-11-18,74,6.7,58.0,41874,G,0.625,0.625,1980,usa
tt0026816,movie,On Ice,Ben Sharpsteen,English,USA,1935,1935-09-28,8,7.5,,1056,,,0.75,1930,usa
tt0426148,movie,Once Upon a Mattress,Kathleen Marshall,English,USA,2005,2005-12-18,90,6.4,,1025,PG,,0.64,2000,usa
tt10854760,series,One Day at Disney,,English,USA,2019,2019-12-03,5,7.3,,155,,,0.73,2010,usa
,,,,,,,,,,,,,,,,
tt0055254,movie,One Hundred and One Dalmatians,"Clyde Geronimi, Hamilton Luske, Wolfgang Reitherman",English,USA,1961,1961-01-25,79,7.2,83.0,146668,G,0.7749999999999999,0.7749999999999999,1960,usa
tt0089731,movie,One Magic Christmas,Phillip Borsos,English,"Canada, USA",1985,1985-11-22,89,6.6,,2977,G,,0.6599999999999999,1980,usa_other
tt0479113,movie,One Man Band,"Mark Andrews, Andrew Jimenez",,USA,2005,2006-06-06,4,7.7,,13993,G,,0.77,2000,usa
tt7651892,series,One Strange Rock,,"English, Spanish, Indonesian, Chinese, Arabic, Russian, Hindi, Tibetan, Portuguese, French, Thai, Norwegian, Italian, Japanese, Mongolian, Kazakh",USA,2018,2018-03-26,47,8.8,,5420,TV-PG,,0.8800000000000001,2010,usa
tt7146812,movie,Onward,Dan Scanlon,English,USA,2020,2020-03-06,102,7.5,61.0,45444,PG,0.6799999999999999,0.6799999999999999,2020,usa
tt0114048,movie,Operation Dumbo Drop,Simon Wincer,"English, Vietnamese",USA,1995,1995-07-28,107,5.1,48.0,8265,PG,0.495,0.495,1990,usa
tt6091694,series,Origins: The Journey of Humankind,,English,USA,2017,2017-03-06,60,6.9,,344,,,0.6900000000000001,2010,usa
tt0043890,movie,Out of Scale,Jack Hannah,English,USA,1951,1951-11-02,7,7.6,,504,,,0.76,1950,usa
tt0277514,series,Out of the Box,,English,USA,1998,1998-10-07,24,7.5,,814,TV-Y,,0.75,1990,usa
tt10583412,series,Out There with Jack Randall,,,,2019,2019-07-07,,6.6,,5,,,0.6599999999999999,2010,
,,,,,,,,,,,,,,,,
tt9236264,movie,Paris to Pittsburgh,"Sidney Beaumont, Michael Bonfiglio",English,USA,2018,2018-12-03,,5.9,,9,,,0.5900000000000001,2010,usa
tt1425244,movie,Partly Cloudy,Peter Sohn,,USA,2009,2009-05-29,6,8.2,,19102,G,,0.82,2000,usa
tt3116154,movie,Party Central,Kelsey Mann,English,USA,2014,2014-03-21,5,7.1,,1480,PG,,0.71,2010,usa
tt12080904,movie,Penguins: Life on the Edge,"Alastair Fothergill, Jeff Wilson",English,USA,2020,2020-04-03,78,6.7,,6,G,,0.67,2020,usa
tt0050837,movie,Perri,"Paul Kenworthy, Ralph Wright",English,USA,1957,1957-08-28,75,7.2,,272,Approved,,0.72,1950,usa
tt0076538,movie,Pete's Dragon,"Don Chaffey, Don Bluth",English,USA,1977,1977-11-03,128,6.4,46.0,21558,G,0.55,0.55,1970,usa
tt2788732,movie,Pete's Dragon,David Lowery,English,USA,2016,2016-08-12,102,6.7,71.0,52020,PG,0.69,0.69,2010,usa
tt0046183,movie,Peter Pan,"Clyde Geronimi, Wilfred Jackson, Hamilton Luske, Jack Kinney","English, American Sign Language",USA,1953,1953-02-05,77,7.3,76.0,120707,G,0.745,0.745,1950,usa
tt0280030,movie,Peter Pan 2: Return to Never Land,"Robin Budd, Donovan Cook(co-director)",English,"USA, Canada, Australia",2002,2002-02-15,72,5.8,49.0,17404,G,0.5349999999999999,0.5349999999999999,2000,usa_other
tt0266850,movie,Phantom of the Megaplex,Blair Treu,English,"USA, Canada",2000,2000-11-10,89,6.5,,2570,TV-G,,0.65,2000,usa_other
tt0340281,series,Phil of the Future,,English,USA,2004,2004-06-18,25,7.0,,6479,TV-G,,0.7,2000,usa
tt0852863,series,Phineas and Ferb,,English,USA,2007,2007-08-17,15,7.9,,31287,TV-G,,0.79,2000,usa
tt1825918,movie,Phineas and Ferb the Movie: Across the 2nd Dimension,"Robert Hughes, Dan Povenmire, Jay Lender, Jeff 'Swampy' Marsh, Kyle Menke",English,USA,2011,2011-08-05,78,7.4,,7624,TV-G,,0.74,2010,usa
tt2283584,episode,Phineas and Ferb: Mission Marvel,"Robert Hughes, Sue Perrotto",Brazilian Sign Language,,2013,2013-08-16,45,8.3,,419,TV-G,,0.8300000000000001,2010,
tt10855726,series,Pick of the Litter,,English,USA,2019,2019-12-20,,,,,,,,2010,usa
tt0323642,movie,Piglet's Big Movie,Francis Glebas,English,USA,2003,2003-03-21,75,6.1,62.0,6519,G,0.615,0.615,2000,usa
tt0032910,movie,Pinocchio,"Norman Ferguson, T. Hee, Wilfred Jackson, Jack Kinney, Hamilton Luske, Bill Roberts, Ben Sharpsteen",English,USA,1940,1940-02-23,88,7.4,99.0,124261,G,0.865,0.865,1940,usa
tt5613056,movie,Piper,Alan Barillaro,,USA,2016,2016-06-17,6,8.4,,24041,G,,0.8400000000000001,2010,usa
tt0449088,movie,Pirates of the Caribbean: At World's End,Gore Verbinski,English,USA,2007,2007-05-25,169,7.1,50.0,577465,PG-13,0.605,0.605,2000,usa
tt0383574,movie,Pirates of the Caribbean: Dead Man's Chest,Gore Verbinski,"English, Turkish, Greek, Mandarin, French",USA,2006,2006-07-07,151,7.3,53.0,635041,PG-13,0.63,0.63,2000,usa
tt1298650,movie,Pirates of the Caribbean: On Stranger Tides,Rob Marshall,"English, Spanish","USA, UK",2011,2011-05-20,136,6.6,45.0,465510,PG-13,0.5549999999999999,0.5549999999999999,2010,usa_other
tt0325980,movie,Pirates of the Caribbean: The Curse of the Black Pearl,Gore Verbinski,English,USA,2003,2003-07-09,143,8.0,63.0,992127,PG-13,0.7150000000000001,0.7150000000000001,2000,usa
tt11199558,series,Pixar in Real Life,,English,USA,2019,2019-11-12,,6.7,,193,TV-G,,0.67,2010,usa
tt0393596,movie,Pixel Perfect,Mark A.Z. Dippé,"English, German",USA,2004,2004-01-16,85,5.7,,3085,TV-G,,0.5700000000000001,2000,usa
tt4148744,series,PJ Masks,,"French, English","France, UK",2015,2015-09-18,24,5.7,,696,TV-Y,,0.5700000000000001,2010,other
,,,,,,,,,,,,,,,,
,,,,,,,,,,,,,,,,
tt0045037,movie,Pluto's Christmas Tree,Jack Hannah,English,USA,1952,1952-11-21,7,7.7,,2023,Approved,,0.77,1950,usa
tt0045038,movie,Pluto's Party,Milt Schaffer,English,USA,1952,1952-09-19,7,6.5,,383,Approved,,0.65,1950,usa
tt0040698,movie,Pluto's Purchase,Charles A. Nichols,English,USA,1948,1948-07-09,7,6.6,,138,,,0.6599999999999999,1940,usa
,,,,,,,,,,,,,,,,
,,,,,,,,,,,,,,,,
tt0114148,movie,Pocahontas,"Mike Gabriel, Eric Goldberg","English, Algonquin",USA,1995,1995-06-23,81,6.7,58.0,163209,G,0.625,0.625,1990,usa
tt0143808,movie,Pocahontas II: Journey to a New World,"Tom Ellery, Bradley Raymond",English,USA,1998,1998-08-25,72,4.9,,13201,G,,0.49000000000000005,1990,usa
tt0054195,movie,Pollyanna,David Swift,English,USA,1960,1960-05-19,134,7.4,,8533,Approved,,0.74,1960,usa
tt0119918,movie,Pooh's Grand Adventure: The Search for Christopher Robin,Karl Geurs,English,USA,1997,1997-08-05,76,7.1,,4850,G,,0.71,1990,usa
tt0407121,movie,Pooh's Heffalump Movie,Frank Nissen,English,USA,2005,2005-02-11,68,6.4,64.0,6031,G,0.64,0.64,2000,usa
,,,,,,,,,,,,,,,,
tt1245104,movie,Presto,Doug Sweetland,English,USA,2008,2008-06-27,5,8.4,,21778,G,,0.8400000000000001,2000,usa
tt5538644,series,Primal Survivor,,English,USA,2016,2016-01-21,,8.5,,163,,,0.85,2010,usa
tt1196339,movie,Princess Protection Program,Allison Liddi-Brown,English,USA,2009,2009-06-26,90,5.6,,20758,TV-G,,0.5599999999999999,2000,usa
tt1604171,movie,Prom,Joe Nussbaum,English,USA,2011,2011-04-29,104,5.4,50.0,14569,PG,0.52,0.52,2010,usa
tt0280050,movie,Prowlers of the Everglades,James Algar,English,USA,1953,1953-07-23,32,8.1,,42,Approved,,0.8099999999999999,1950,usa
tt6688750,series,Puppy Dog Pals,,English,USA,2017,2017-04-14,24,7.1,,611,TV-Y,,0.71,2010,usa
tt8980868,movie,Purl,Kristen Lester,English,USA,2018,2019-02-04,8,6.4,,1158,PG,,0.64,2010,usa
tt0136658,series,Quack Pack,,English,USA,1996,1996-09-02,30,6.8,,3478,TV-Y,,0.6799999999999999,1990,usa
tt4341582,movie,Queen of Katwe,Mira Nair,English,USA,2016,2016-09-30,124,7.4,73.0,14265,PG,0.735,0.735,2010,usa
tt0245380,movie,Quints,Bill Corcoran,English,"Canada, USA",2000,2000-08-18,83,5.7,,2030,TV-G,,0.5700000000000001,2000,usa_other
tt0382932,movie,Ratatouille,"Brad Bird, Jan Pinkava(co-director)","English, French",USA,2007,2007-06-29,111,8.0,96.0,612483,G,0.88,0.88,2000,usa
tt0494716,movie,Read It and Weep,Paul Hoen,English,USA,2006,2006-07-21,84,5.5,,4915,TV-G,,0.55,2000,usa
tt0253550,movie,Ready to Run,Duwayne Dunham,English,"USA, New Zealand",2000,2000-07-14,96,5.3,,282,TV-G,,0.53,2000,usa_other
tt0382936,movie,Recess: All Growed Down,"Howy Parkins, Brenda Piluso, Chuck Sheetz",English,USA,2003,2003-12-09,61,6.7,,571,G,,0.67,2000,usa
tt0265632,movie,Recess: School's Out,Chuck Sheetz,English,"USA, Japan",2001,2001-02-16,82,6.6,43.0,9032,G,0.5449999999999999,0.5449999999999999,2000,usa_other
tt0382937,movie,Recess: Taking the Fifth Grade,Howy Parkins,English,USA,2003,2003-12-09,62,6.8,,1759,G,,0.6799999999999999,2000,usa
tt0485985,movie,Red Tails,Anthony Hemingway,"English, Italian, German",USA,2012,2012-01-20,125,5.9,46.0,32647,PG-13,0.525,0.525,2010,usa
tt0093832,movie,Red's Dream,John Lasseter,English,USA,1987,1987-07-06,4,6.4,,6019,G,,0.64,1980,usa
tt0210945,movie,Remember the Titans,Boaz Yakin,English,USA,2000,2000-09-29,113,7.8,48.0,190945,PG,0.63,0.63,2000,usa
,,,,,,,,,,,,,,,,
tt0078158,movie,Return from Witch Mountain,John Hough,English,USA,1978,1978-03-10,95,5.9,51.0,4201,G,0.55,0.55,1970,usa
tt0816520,movie,Return to Halloweentown,David Jackson,English,USA,2006,2006-10-20,88,5.6,,5338,TV-PG,,0.5599999999999999,2000,usa
tt0089908,movie,Return to Oz,Walter Murch,English,"UK, USA",1985,1985-06-21,113,6.7,42.0,23581,PG,0.545,0.545,1980,usa_other
tt0155110,movie,Richie Rich's Christmas Wish,John Murlowski,English,USA,1998,1998-11-10,84,4.1,,1960,G,,0.41,1990,usa
tt0323810,movie,Right on Track,Duwayne Dunham,English,USA,2003,2003-03-21,89,6.3,,1087,TV-G,,0.63,2000,usa
,,,,,,,,,,,,,,,,
tt0244764,movie,Rip Girls,Joyce Chopra,English,"Australia, USA",2000,2000-04-22,87,6.2,,1135,TV-G,,0.62,2000,usa_other
tt0070608,movie,Robin Hood,"Wolfgang Reitherman, David Hand","English, Portuguese",USA,1973,1973-11-08,83,7.6,57.0,110712,G,0.665,0.665,1970,usa
tt8053430,movie,Rocky Mountain Animal Rescue,,English,USA,2018,2018-03-03,,7.8,,5,,,0.78,2010,usa
tt3748528,movie,Rogue One: A Star Wars Story,Gareth Edwards,English,USA,2016,2016-12-16,133,7.8,65.0,526836,PG-13,0.7150000000000001,0.7150000000000001,2010,usa
tt0107985,movie,Rookie of the Year,Daniel Stern,English,USA,1993,1993-07-07,103,6.0,53.0,23711,PG,0.565,0.565,1990,usa
tt0436595,movie,Roving Mars,George Butler,English,USA,2006,2006-01-27,40,7.2,58.0,968,G,0.6499999999999999,0.6499999999999999,2000,usa
tt0138068,movie,Ruby Bridges,Euzhan Palcy,English,USA,1998,1998-01-18,96,7.2,,607,,,0.72,1990,usa
tt3816666,series,Running Wild with Bear Grylls,,English,USA,2014,2014-07-28,60,7.7,,2122,TV-14,,0.77,2010,usa
tt0353965,movie,Sacred Planet,Jon Long,English,"Canada, Malaysia, USA",2004,2004-04-22,40,6.0,53.0,259,G,0.565,0.565,2000,usa_other
tt0036326,movie,Saludos Amigos,"Wilfred Jackson, Jack Kinney, Hamilton Luske, Bill Roberts, Norman Ferguson","English, Portuguese",USA,1942,1943-02-06,42,6.2,60.0,4784,Approved,0.61,0.61,1940,usa
tt0056441,episode,"Sammy, the Way-Out Seal: Part 1",Norman Tokar,English,USA,1962,1962-10-28,89,6.5,,140,UNRATED,,0.65,1960,usa
tt4661600,movie,Sanjay's Super Team,Sanjay Patel,English,USA,2015,2015-11-25,7,6.9,,3879,PG,,0.6900000000000001,2010,usa
tt2414212,movie,Santa Paws 2: The Santa Pups,Robert Vince,English,USA,2012,2012-11-20,88,4.9,,1100,G,,0.49000000000000005,2010,usa
tt0023422,movie,Santa's Workshop,Wilfred Jackson,English,USA,1932,1932-12-10,7,7.4,,1320,,,0.74,1930,usa
tt2140373,movie,Saving Mr. Banks,John Lee Hancock,English,"USA, UK, Australia",2013,2013-12-20,125,7.5,65.0,147182,PG-13,0.7,0.7,2010,usa_other
tt7153434,movie,Science Fair,"Cristina Costantini, Darren Foster",English,USA,2018,2018-10-19,90,7.7,79.0,331,PG,0.78,0.78,2010,usa
tt6390686,movie,Sea of Hope: America's Underwater Treasures,Robert Nixon,English,USA,2017,2017-01-01,48,,,,,,,2010,usa
tt0031905,movie,Sea Scouts,Dick Lundy,English,USA,1939,1939-06-30,8,6.9,,556,,,0.6900000000000001,1930,usa
tt1217213,movie,Secret of the Wings,"Roberts Gannaway, Peggy Holmes",English,"USA, India, UK",2012,2012-12-14,75,7.1,,10155,G,,0.71,2010,usa_other
tt1028576,movie,Secretariat,Randall Wallace,English,USA,2010,2010-10-08,123,7.2,61.0,25455,PG,0.665,0.665,2010,usa
tt7848136,movie,The Secret of Christ's Tomb,Robert Strange,English,USA,2017,2017-12-03,,5.1,,7,,,0.51,2010,usa
tt0049733,movie,Secrets of Life,James Algar,English,USA,1956,1956-11-06,70,7.8,,126,Passed,,0.78,1950,usa
tt8780664,movie,Secrets of the King Cobra,,English,India,2010,2010-04-10,,7.2,,6,,,0.72,2010,other
tt8879238,series,Secrets of the Zoo,,,,2018,2018-07-29,44,8.2,,76,,,0.82,2010,
,,,,,,,,,,,,,,,,
tt1661326,series,Shake It Up,,English,USA,2010,2010-11-07,30,4.8,,10911,TV-G,,0.48,2010,usa
tt7217020,movie,Sharks of Lost Island,Neil Gelinas,English,USA,2013,2013-11-01,,,,,,,,2010,usa
tt1629440,movie,Sharpay's Fabulous Adventure,Michael Lembeck,English,USA,2011,2011-04-19,90,4.7,,5651,G,,0.47000000000000003,2010,usa
tt2769458,series,Sheriff Callie's Wild West,,"English, French","USA, South Korea, France",2014,2014-01-20,25,6.5,,503,TV-Y,,0.65,2010,usa_other
tt0099816,movie,Shipwrecked,Nils Gaup,English,"Norway, Sweden, USA",1990,1991-03-01,92,6.7,,2364,PG,,0.67,1990,usa_other
tt10225108,series,Shop Class,,,,2020,2020-02-28,,6.3,,16,,,0.63,2020,
tt0203268,series,Silver Surfer,,English,"USA, Canada",1998,1998-02-07,30,7.1,,1778,TV-Y7,,0.71,1990,usa_other
tt0462538,movie,The Simpsons Movie,David Silverman,English,USA,2007,2007-07-27,87,7.3,80.0,302244,PG-13,0.765,0.765,2000,usa
tt0105417,movie,Sister Act,Emile Ardolino,English,USA,1992,1992-05-29,100,6.4,51.0,83764,PG,0.575,0.575,1990,usa
tt0108147,movie,Sister Act 2: Back in the Habit,Bill Duke,English,USA,1993,1993-12-10,107,5.6,38.0,47046,PG,0.47,0.47,1990,usa
tt1479534,movie,Skyrunners,Ralph Hemecker,English,USA,2009,2009-11-27,92,5.0,,1022,TV-PG,,0.5,2000,usa
tt0053285,movie,Sleeping Beauty,"Clyde Geronimi, Les Clark, Hamilton Luske, Wolfgang Reitherman",English,USA,1959,1959-12-25,75,7.2,85.0,129694,G,0.7849999999999999,0.7849999999999999,1950,usa
tt0118466,series,Smart Guy,,English,USA,1997,1997-03-26,30,7.4,,4198,TV-G,,0.74,1990,usa
tt0192618,movie,Smart House,LeVar Burton,English,USA,1999,1999-06-26,82,6.3,,5998,TV-G,,0.63,1990,usa
tt7103168,movie,Smash and Grab,Brian Larsen,English,USA,2019,2019-02-11,8,6.7,,399,PG,,0.67,2010,usa
tt0281373,movie,Snow Dogs,Brian Levant,English,"Canada, USA",2002,2002-01-18,99,5.2,29.0,24563,PG,0.405,0.405,2000,usa_other
tt0029583,movie,Snow White and the Seven Dwarfs,"William Cottrell, David Hand, Wilfred Jackson, Larry Morey, Perce Pearce, Ben Sharpsteen",English,USA,1937,1938-02-04,83,7.6,95.0,174379,G,0.855,0.855,1930,usa
tt0069291,movie,Snowball Express,Norman Tokar,English,USA,1972,1973-06-22,93,6.5,,1355,G,,0.65,1970,usa
tt1068284,movie,Snowglobe,Ron Lagomarsino,English,USA,2007,2007-12-15,86,6.0,,2043,TV-PG,,0.6,2000,usa
tt0169247,series,So Weird,,English,Canada,1999,1999-01-18,30,8.5,,2519,TV-Y7,,0.85,1990,other
tt0031945,movie,Society Dog Show,Bill Roberts,English,USA,1939,1939-02-03,8,7.1,,350,,,0.71,1930,usa
tt1252374,series,Sonny with a Chance,,English,USA,2009,2009-02-08,23,6.1,,10074,TV-G,,0.61,2000,usa
tt5189554,series,Soy Luna,,"Spanish, German","Argentina, Mexico",2016,2016-03-14,45,6.8,,833,,,0.6799999999999999,2010,other
tt0081938,series,Spider-Man,,English,USA,1981,1981-09-12,30,7.0,,943,,,0.7,1980,usa
tt0083481,series,Spider-Man and His Amazing Friends,,English,USA,1981,1981-09-12,22,7.2,,2704,TV-Y7,,0.72,1980,usa
tt0207120,series,Spider-Man Unlimited,,English,"USA, Canada",1999,1999-10-02,22,6.4,,2517,TV-Y7,,0.64,1990,usa_other
tt0197911,series,Spider-Woman,,English,USA,1979,1979-09-22,21,5.8,,438,TV-Y7,,0.58,1970,usa
tt0088161,movie,Splash,Ron Howard,"English, Swedish",USA,1984,1984-03-09,111,6.2,71.0,65908,PG,0.665,0.665,1980,usa
tt6779076,series,Star Wars: Forces of Destiny,,English,USA,2017,2017-07-03,3,5.0,,1105,,,0.5,2010,usa
tt2930604,series,Star Wars Rebels,,English,USA,2014,2014-09-26,22,8.0,,24977,TV-Y7-FV,,0.8,2010,usa
,,,,,,,,,,,,,,,,
tt8336340,series,Star Wars Resistance,,English,USA,2018,2018-10-01,30,4.9,,3403,TV-Y7,,0.49000000000000005,2010,usa
tt0076759,movie,Star Wars: Episode IV - A New Hope,George Lucas,English,USA,1977,1977-05-25,121,8.6,90.0,1188658,PG,0.88,0.88,1970,usa
tt0121765,movie,Star Wars: Episode II - Attack of the Clones,George Lucas,English,USA,2002,2002-05-16,142,6.5,54.0,613768,PG,0.595,0.595,2000,usa
tt11281500,series,Star Wars Blips,,English,USA,2017,2017-05-03,1,6.1,,29,,,0.61,2010,usa
tt0086190,movie,Star Wars: Episode VI - Return of the Jedi,Richard Marquand,English,USA,1983,1983-05-25,131,8.3,58.0,912250,PG,0.7050000000000001,0.7050000000000001,1980,usa
tt0121766,movie,Star Wars: Episode III - Revenge of the Sith,George Lucas,English,USA,2005,2005-05-19,140,7.5,68.0,681075,PG-13,0.7150000000000001,0.7150000000000001,2000,usa
tt0458290,series,Star Wars: The Clone Wars,,English,USA,2008,2008-10-03,23,8.1,,47308,TV-PG,,0.8099999999999999,2000,usa
tt1185834,movie,Star Wars: The Clone Wars,Dave Filoni,English,USA,2008,2008-08-15,98,5.9,35.0,53973,PG,0.47000000000000003,0.47000000000000003,2000,usa
tt0080684,movie,Star Wars: Episode V - The Empire Strikes Back,Irvin Kershner,English,USA,1980,1980-06-20,124,8.7,82.0,1109656,PG,0.845,0.845,1980,usa
tt2488496,movie,Star Wars: Episode VII - The Force Awakens,J.J. Abrams,English,USA,2015,2015-12-18,138,7.9,80.0,833706,PG-13,0.795,0.795,2010,usa
tt2527336,movie,Star Wars: Episode VIII - The Last Jedi,Rian Johnson,English,USA,2017,2017-12-15,152,7.0,85.0,532835,PG-13,0.7749999999999999,0.7749999999999999,2010,usa
tt0120915,movie,Star Wars: Episode I - The Phantom Menace,George Lucas,English,USA,1999,1999-05-19,136,6.5,51.0,698744,PG,0.5800000000000001,0.5800000000000001,1990,usa
,,,,,,,,,,,,,,,,
tt4858674,movie,Stargirl,Julia Hart,English,USA,2020,2020-03-13,107,6.2,60.0,2130,PG,0.61,0.61,2020,usa
tt1579247,movie,StarStruck,Michael Grossman,English,USA,2010,2010-02-14,90,6.1,,12305,TV-G,,0.61,2010,usa
tt0019422,movie,Steamboat Willie,"Ub Iwerks, Walt Disney",English,USA,1928,1929-01-01,8,7.6,,6678,TV-Y7,,0.76,1920,usa
tt0250754,movie,Stepsister from Planet Weird,Steve Boyum,English,USA,2000,2000-06-17,85,6.0,,1317,TV-G,,0.6,2000,usa
tt0348124,movie,Stitch! The Movie,"Tony Craig, Roberts Gannaway","Hawaiian, English",USA,2003,2003-08-25,60,6.2,,7622,G,,0.62,2000,usa
tt1245537,movie,Stonehenge: Decoded,Christopher Spencer,English,UK,2008,2008-05-01,92,6.5,,133,PG,,0.65,2000,other
tt0410696,movie,Stuck in the Suburbs,Savage Steve Holland,English,USA,2004,2004-07-16,76,5.6,,3395,TV-G,,0.5599999999999999,2000,usa
tt0166829,episode,The Sultan and the Rock Star,,English,USA,1980,1980-04-20,60,7.1,,12,UNRATED,,0.71,1980,usa
tt2999390,movie,Super Buddies,Robert Vince,,USA,2013,2013-08-27,81,4.2,,1089,G,,0.42000000000000004,2010,usa
tt1368151,movie,Super Rhino,Nathan Greno,English,USA,2009,2009-03-22,4,6.3,,854,G,,0.63,2000,usa
tt4199038,series,Supercar Superbuild,,English,USA,2014,2014-10-08,,7.0,,40,,,0.7,2010,usa
tt0033124,movie,Swiss Family Robinson,Edward Ludwig,English,USA,1940,1940-02-08,93,6.5,,324,,,0.65,1940,usa
tt0054357,movie,Swiss Family Robinson,Ken Annakin,English,USA,1960,1960-12-21,126,7.2,61.0,13189,G,0.665,0.665,1960,usa
tt0098924,series,TaleSpin,,English,USA,1990,1990-09-07,30,7.6,,12743,TV-Y7,,0.76,1990,usa
tt0111359,movie,Tall Tale,Jeremiah S. Chechik,English,USA,1995,1995-03-24,96,5.9,,3246,PG,,0.5900000000000001,1990,usa
tt0398286,movie,Tangled,"Nathan Greno, Byron Howard",English,USA,2010,2010-11-24,100,7.7,71.0,390220,PG,0.74,0.74,2010,usa
tt5533228,movie,Tangled: Before Ever After,"Tom Caulfield, Stephen Sandoval",English,USA,2017,2017-03-10,55,6.6,,1861,TV-Y7,,0.6599999999999999,2010,usa
tt4902964,series,Tangled: The Series,,"English, Czech",USA,2017,2017-03-24,21,7.6,,1598,TV-Y7,,0.76,2010,usa
tt0313680,movie,Tarzan & Jane,"Steve Loter, Victor Cook, Don MacKinnon, Lisa Schaffer(co-director)",English,USA,2002,2002-07-23,75,5.4,,5264,G,,0.54,2000,usa
tt0350194,movie,Teacher's Pet,Timothy Björklund,English,USA,2004,2004-01-16,73,5.8,74.0,1471,PG,0.6599999999999999,0.6599999999999999,2000,usa
tt0257325,series,Teacher's Pet,,English,USA,2000,2000-09-01,30,6.4,,378,TV-Y,,0.64,2000,usa
tt3764966,movie,Teen Beach 2,Jeffrey Hornaday,English,USA,2015,2015-06-26,104,6.1,,3331,TV-G,,0.61,2010,usa
tt2325989,movie,Teen Beach Movie,Jeffrey Hornaday,English,USA,2013,2013-07-19,110,5.9,,8886,Not Rated,,0.5900000000000001,2010,usa
tt1845866,movie,Teen Spirit,Gil Junger,English,USA,2011,2011-08-07,82,5.5,,6775,TV-PG,,0.55,2010,usa
tt0120317,movie,That Darn Cat,Bob Spiers,English,USA,1997,1997-02-14,89,4.7,36.0,3952,PG,0.41500000000000004,0.41500000000000004,1990,usa
tt0059793,movie,That Darn Cat!,Robert Stevenson,"English, French",USA,1965,1965-12-02,116,6.8,71.0,5542,Approved,0.695,0.695,1960,usa
tt0300865,series,That's So Raven,,English,USA,2003,2003-01-17,30,6.5,,16953,TV-G,,0.65,2000,usa
tt0054594,movie,The Absent Minded Professor,Robert Stevenson,English,USA,1961,1961-03-16,92,6.8,75.0,6856,Approved,0.715,0.715,1960,usa
,,,,,,,,,,,,,,,,
tt0061333,movie,The Adventures of Bullwhip Griffin,James Neilson,English,USA,1967,1967-03-08,108,6.6,,603,Approved,,0.6599999999999999,1960,usa
tt0106223,movie,The Adventures of Huck Finn,Stephen Sommers,"English, French",USA,1993,1993-04-02,108,6.2,,7451,PG,,0.62,1990,usa
tt0041094,movie,The Adventures of Ichabod and Mr. Toad,"James Algar, Clyde Geronimi, Jack Kinney",English,USA,1949,1950-01-06,68,7.0,74.0,11917,Approved,0.72,0.72,1940,usa
tt0047775,series,The Adventures of Spin and Marty,,English,USA,1955,1955-11-04,,8.2,,166,,,0.82,1950,usa
tt0047803,movie,The African Lion,James Algar,English,USA,1955,1955-09-14,75,7.3,,286,Approved,,0.73,1950,usa
tt0072653,movie,The Apple Dumpling Gang,Norman Tokar,English,USA,1975,1975-07-01,100,6.5,59.0,4710,G,0.62,0.62,1970,usa
tt0078790,movie,The Apple Dumpling Gang Rides Again,Vincent McEveety,English,USA,1979,1979-06-27,88,6.1,37.0,2270,G,0.49,0.49,1970,usa
tt0065421,movie,The Aristocats,Wolfgang Reitherman,English,USA,1970,1970-12-24,78,7.1,66.0,89029,G,0.685,0.685,1970,usa
tt0033356,movie,The Art of Skiing,"Jack Kinney, Bill Roberts",English,USA,1941,1941-11-14,8,7.3,,1061,Approved,,0.73,1940,usa
tt1626038,series,The Avengers: Earth's Mightiest Heroes,,English,USA,2010,2010-09-22,30,8.3,,12505,TV-Y7,,0.8300000000000001,2010,usa
tt0203247,series,Avengers: United They Stand,,English,"France, Canada, USA",1999,1999-10-30,30,5.5,,682,TV-Y7,,0.55,1990,usa_other
tt0026094,movie,The Band Concert,Wilfred Jackson,English,USA,1935,1935-02-23,9,7.9,,2714,TV-Y7,,0.79,1930,usa
tt0071199,movie,The Bears and I,Bernard McEveety,English,USA,1974,1974-07-31,89,6.2,,253,G,,0.62,1970,usa
tt3691740,movie,The BFG,Steven Spielberg,English,"USA, India, UK",2016,2016-07-01,117,6.4,66.0,73906,PG,0.65,0.65,2010,usa_other
tt0024886,movie,The Big Bad Wolf,Burt Gillett,English,USA,1934,1934-04-14,9,7.1,,1381,Approved,,0.71,1930,usa
tt0068276,movie,The Biscuit Eater,Vincent McEveety,English,USA,1972,1972-03-22,90,5.7,,281,G,,0.5700000000000001,1970,usa
tt0088814,movie,The Black Cauldron,"Ted Berman, Richard Rich","English, Portuguese","USA, UK",1985,1985-07-24,80,6.4,59.0,29395,PG,0.615,0.615,1980,usa_other
tt0078869,movie,The Black Hole,Gary Nelson,English,USA,1979,1979-12-21,98,6.0,52.0,22422,PG,0.56,0.56,1970,usa
tt2616880,movie,The Blue Umbrella,Saschka Unseld,English,USA,2013,2013-06-21,7,7.6,,8311,G,,0.76,2010,usa
,,,,,,,,,,,,,,,,
tt0274240,series,The Book of Pooh,,English,USA,2001,2001-01-22,30,6.3,,412,TV-Y,,0.63,2000,usa
tt0072728,movie,The Boy Who Talked to Badgers,Gary Nelson,English,USA,1975,1975-09-14,,6.8,,25,,,0.6799999999999999,1970,usa
tt0147926,movie,The Brave Little Toaster Goes to Mars,"Robert C. Ramirez, Patrick A. Ventura",English,USA,1998,1998-05-18,73,5.7,,1333,Not Rated,,0.5700000000000001,1990,usa
tt0071288,movie,The Castaway Cowboy,Vincent McEveety,English,USA,1974,1974-08-01,91,5.9,,421,G,,0.5900000000000001,1970,usa
tt0077305,movie,The Cat from Outer Space,Norman Tokar,English,USA,1978,1978-06-09,104,6.1,58.0,4162,G,0.595,0.595,1970,usa
tt0338852,movie,The Cheetah Girls,Oz Scott,"English, Spanish","Canada, USA",2003,2003-08-15,100,4.8,,6690,TV-G,,0.48,2000,usa_other
tt0800318,movie,The Cheetah Girls 2,Kenny Ortega,"English, Spanish",USA,2006,2006-08-25,96,5.0,,5512,TV-G,,0.5,2000,usa
tt1013542,movie,The Cheetah Girls: One World,Paul Hoen,English,USA,2008,2008-08-22,90,4.7,,3779,TV-G,,0.47000000000000003,2000,usa
tt0090840,movie,The Christmas Star,Alan Shapiro,English,"Canada, USA",1986,1986-12-14,94,6.5,,345,TV-G,,0.65,1980,usa_other
tt0499448,movie,The Chronicles of Narnia: Prince Caspian,Andrew Adamson,English,"USA, Poland, Slovenia, Czech Republic, UK",2008,2008-05-16,150,6.5,62.0,187627,PG,0.635,0.635,2000,usa_other
tt0363771,movie,"The Chronicles of Narnia: The Lion, the Witch and the Wardrobe",Andrew Adamson,"English, German, Brazilian Sign Language","UK, USA",2005,2005-12-09,143,6.9,75.0,353342,PG,0.72,0.72,2000,usa_other
tt0213565,movie,The Color of Friendship,Kevin Hooks,English,"Canada, USA",2000,2000-02-05,87,7.4,,3027,TV-G,,0.74,2000,usa_other
tt0065566,movie,The Computer Wore Tennis Shoes,Robert Butler,English,USA,1969,1969-12-24,91,6.0,54.0,4208,G,0.5700000000000001,0.5700000000000001,1960,usa
tt0276033,movie,The Country Bears,Peter Hastings,English,USA,2002,2002-07-26,88,4.1,37.0,4769,G,0.39,0.39,2000,usa
,,,,,,,,,,,,,,,,
,,,,,,,,,,,,,,,,
tt0120917,movie,The Emperor's New Groove,Mark Dindal,English,USA,2000,2000-12-15,78,7.3,70.0,171721,G,0.715,0.715,2000,usa
tt0327698,movie,The Even Stevens Movie,Sean McNamara,English,USA,2003,2003-06-13,93,6.2,,6241,TV-G,,0.62,2000,usa
tt2025690,movie,The Finest Hours,Craig Gillespie,English,USA,2016,2016-01-29,117,6.8,58.0,59000,PG-13,0.6299999999999999,0.6299999999999999,2010,usa
tt9154632,movie,The Flood,,English,USA,2018,2018-11-25,,8.2,,24,,,0.82,2010,usa
tt0082406,movie,The Fox and the Hound,"Ted Berman, Richard Rich, Art Stevens, David Hand, Wolfgang Reitherman",English,USA,1981,1981-07-10,83,7.3,65.0,81227,G,0.69,0.69,1980,usa
tt0465997,movie,The Fox and the Hound 2,Jim Kammerud,English,USA,2006,2006-12-11,69,5.3,,3961,G,,0.53,2000,usa
tt0492956,movie,The Game Plan,Andy Fickman,English,USA,2007,2007-09-28,110,6.1,44.0,56291,PG,0.525,0.525,2000,usa
tt0080788,movie,The Ghosts of Buxley Hall,Bruce Bilson,English,USA,1980,1980-12-21,120,6.6,,97,,,0.6599999999999999,1980,usa
tt0025184,movie,The Goddess of Spring,Wilfred Jackson,English,USA,1934,1934-11-03,10,6.9,,483,APPROVED,,0.6900000000000001,1930,usa
tt0026423,movie,The Golden Touch,Walt Disney,English,USA,1935,1935-03-22,10,6.9,,856,,,0.6900000000000001,1930,usa
tt1979388,movie,The Good Dinosaur,Peter Sohn,English,USA,2015,2015-11-25,93,6.7,66.0,97413,PG,0.665,0.665,2010,usa
tt0091149,movie,The Great Mouse Detective,"Ron Clements, Burny Mattinson, David Michener, John Musker","English, French, German, Italian",USA,1986,1986-07-02,74,7.2,73.0,42723,G,0.725,0.725,1980,usa
tt0082474,movie,The Great Muppet Caper,Jim Henson,English,"UK, USA",1981,1981-06-26,97,7.2,70.0,12993,G,0.71,0.71,1980,usa_other
tt0388980,movie,The Greatest Game Ever Played,Bill Paxton,English,"USA, Canada",2005,2005-09-30,120,7.4,55.0,26823,PG,0.645,0.645,2000,usa_other
tt0338094,movie,The Haunted Mansion,Rob Minkoff,English,USA,2003,2003-11-26,88,5.0,34.0,40276,PG,0.42000000000000004,0.42000000000000004,2000,usa
tt0031431,movie,The Hockey Champ,Jack King,English,USA,1939,1939-04-28,7,7.1,,756,Approved,,0.71,1930,usa
tt0116583,movie,The Hunchback of Notre Dame,"Gary Trousdale, Kirk Wise","English, Latin","USA, France",1996,1996-06-21,91,6.9,74.0,135545,G,0.7150000000000001,0.7150000000000001,1990,usa_other
tt0257778,movie,The Hunchback of Notre Dame 2: The Secret of the Bell,Bradley Raymond,English,USA,2002,2002-03-19,68,4.7,,5645,G,,0.47000000000000003,2000,usa
tt9331982,series,The Imagineering Story,,,USA,2019,2019-11-12,60,9.1,,1194,,,0.9099999999999999,2010,usa
tt2136396,series,The Incredible Dr. Pol,,English,USA,2011,,44,8.6,,999,,,0.86,2010,usa
tt6001956,episode,Blue Ribbon Kids,,,,2016,2016-08-13,44,,,,,,,2010,
tt0057180,movie,The Incredible Journey,Fletcher Markle,English,"Canada, USA",1963,1963-11-20,80,7.1,87.0,3702,G,0.79,0.79,1960,usa_other
tt0317705,movie,The Incredibles,Brad Bird,"English, French",USA,2004,2004-11-05,115,8.0,90.0,633057,PG,0.8500000000000001,0.8500000000000001,2000,usa
tt0089385,movie,The Journey of Natty Gann,Jeremy Kagan,English,USA,1985,1985-09-27,101,7.0,66.0,4848,PG,0.6799999999999999,0.6799999999999999,1980,usa
tt0061852,movie,The Jungle Book,"Wolfgang Reitherman, James Algar, Jack Kinney",English,USA,1967,1967-10-18,78,7.6,65.0,159903,G,0.7050000000000001,0.7050000000000001,1960,usa
tt0283426,movie,The Jungle Book 2,Steve Trenbirth,English,"USA, Australia",2003,2003-02-14,72,5.4,38.0,14354,G,0.46,0.46,2000,usa_other
tt0144262,movie,The Jungle Book: Mowgli's Story,Nick Marck,English,USA,1998,1998-09-28,77,4.2,,625,G,,0.42000000000000004,1990,usa
tt1294226,movie,The Last Song,Julie Anne Robinson,English,USA,2010,2010-03-31,107,6.0,33.0,78380,PG,0.46499999999999997,0.46499999999999997,2010,usa
tt2565938,movie,The Legend of Mor'du,Brian Larsen,English,USA,2012,2012-12-05,7,6.2,,1084,,,0.62,2010,usa
tt6105098,movie,The Lion King,Jon Favreau,"English, Xhosa, Zulu, French, Spanish","USA, UK",2019,2019-07-19,118,6.9,55.0,189877,PG,0.6200000000000001,0.6200000000000001,2010,usa_other
tt0318403,movie,The Lion King 3: Hakuna Matata,Bradley Raymond,English,"Australia, USA",2004,2004-02-10,77,6.6,,35523,G,,0.6599999999999999,2000,usa_other
tt0120131,movie,The Lion King 2: Simba's Pride,"Darrell Rooney, Rob LaDuca(co-director)",English,"USA, Australia",1998,1998-10-27,81,6.5,,58256,G,,0.65,1990,usa_other
tt0110357,movie,The Lion King,"Roger Allers, Rob Minkoff","English, Swahili, Xhosa, Zulu",USA,1994,1994-06-24,88,8.5,88.0,901362,G,0.865,0.865,1990,usa
tt0097757,movie,The Little Mermaid,"Ron Clements, John Musker","English, French",USA,1989,1989-11-17,83,7.6,88.0,227707,G,0.8200000000000001,0.8200000000000001,1980,usa
tt0240684,movie,The Little Mermaid 2: Return to the Sea,"Jim Kammerud, Brian Smith(co-director)",English,"USA, Canada, Australia, Taiwan",2000,2000-09-19,75,5.6,,16648,G,,0.5599999999999999,2000,usa_other
tt0969647,movie,The Little Mermaid: Ariel's Beginning,Peggy Holmes,English,USA,2008,2008-08-25,77,6.3,,8001,G,,0.63,2000,usa
,,,,,,,,,,,,,,,,
tt0046008,movie,The Living Desert,James Algar,English,USA,1953,1953-11-10,69,7.5,69.0,1139,Passed,0.72,0.72,1950,usa
tt0306841,movie,Lizzie McGuire,Jim Fall,"English, Italian",USA,2003,2003-05-02,94,5.5,56.0,34463,PG,0.555,0.555,2000,usa
tt6176812,series,The Lodge,,English,UK,2016,2016-10-17,22,6.5,,345,,,0.65,2010,other
tt10290670,movie,The Lost Tomb of Alexander the Great,Duncan Singh,English,UK,2019,2019-03-04,,7.2,,32,,,0.72,2010,other
tt0064603,movie,The Love Bug,Robert Stevenson,"English, Cantonese, Spanish",USA,1968,1969-03-13,108,6.5,48.0,13617,G,0.565,0.565,1960,usa
tt8111088,series,The Mandalorian,,English,USA,2019,2019-11-12,30,8.7,,157153,TV-PG,,0.8699999999999999,2010,usa
tt0076363,movie,The Many Adventures of Winnie the Pooh,"John Lounsbery, Wolfgang Reitherman, Ben Sharpsteen",English,USA,1977,1977-03-11,74,7.6,,31065,G,,0.76,1970,usa
tt0066728,movie,The Million Dollar Duck,Vincent McEveety,English,USA,1971,1971-06-30,89,5.9,45.0,1886,G,0.52,0.52,1970,usa
tt2490352,movie,The Mistle-Tones,Paul Hoen,English,USA,2012,2012-12-09,90,6.7,,1843,TV-PG,,0.67,2010,usa
tt0104940,movie,The Muppet Christmas Carol,Brian Henson,English,"USA, UK",1992,1992-12-11,85,7.7,64.0,45861,G,0.7050000000000001,0.7050000000000001,1990,usa_other
tt0079588,movie,The Muppet Movie,James Frawley,English,"UK, USA",1979,1979-06-22,95,7.6,74.0,31198,G,0.75,0.75,1970,usa_other
tt1204342,movie,The Muppets,James Bobin,English,USA,2011,2011-11-23,103,7.1,75.0,84999,PG,0.73,0.73,2010,usa
tt4651824,series,The Muppets.,,English,USA,2015,2015-07-21,21,7.4,,5614,TV-PG,,0.74,2010,usa
tt0165052,series,The New Adventures of Winnie the Pooh,,English,USA,1988,1988-01-17,30,7.6,,3077,TV-Y,,0.76,1980,usa
tt0046125,movie,The New Neighbor,Jack Hannah,English,USA,1953,1953-08-01,7,7.5,,292,,,0.75,1950,usa
tt1462769,movie,The Odd Life of Timothy Green,Peter Hedges,English,USA,2012,2012-08-15,105,6.6,47.0,43976,PG,0.565,0.565,2010,usa
tt0029339,movie,The Old Mill,Wilfred Jackson,,USA,1937,1937-11-05,9,7.9,,3165,Approved,,0.79,1930,usa
tt0035148,movie,The Olympic Champ,Jack Kinney,English,USA,1942,1942-10-09,7,7.1,,634,Approved,,0.71,1940,usa
tt0219222,movie,The Olympic Elk,James Algar,English,USA,1952,1952-02-13,27,7.2,,40,Approved,,0.72,1950,usa
tt0246834,movie,The Other Me,Manny Coto,English,USA,2000,2000-09-08,90,6.1,,1741,TV-G,,0.61,2000,usa
tt0055277,movie,The Parent Trap,David Swift,English,USA,1961,1961-06-21,129,7.1,73.0,18041,Passed,0.72,0.72,1960,usa
tt0120783,movie,The Parent Trap,Nancy Meyers,"English, French","USA, UK",1998,1998-07-29,128,6.5,64.0,114898,PG,0.645,0.645,1990,usa_other
tt0024451,movie,The Pied Piper,Wilfred Jackson,English,USA,1933,1933-09-16,8,6.7,,659,,,0.67,1930,usa
tt0561332,episode,The Plausible Impossible,"William Beaudine, Wilfred Jackson",English,USA,1956,1956-10-31,50,8.1,,14,Unrated,,0.8099999999999999,1950,usa
tt0274728,movie,The Poof Point,Neal Israel,English,USA,2001,2001-09-14,90,4.7,,466,TV-G,,0.47000000000000003,2000,usa
tt1836776,movie,The Prince and the Pauper,Don Chaffey,English,UK,1962,1981-01-06,93,6.2,,33,TV-PG,,0.62,1960,other
tt0100409,movie,The Prince and the Pauper,George Scribner,English,USA,1990,1990-11-16,25,7.1,,2791,G,,0.71,1990,usa
tt0780521,movie,The Princess and the Frog,"Ron Clements, John Musker","English, French",USA,2009,2009-12-11,97,7.1,73.0,117082,G,0.72,0.72,2000,usa
tt0093779,movie,The Princess Bride,Rob Reiner,English,USA,1987,1987-10-09,98,8.1,77.0,377085,PG,0.79,0.79,1980,usa
tt0247638,movie,The Princess Diaries,Garry Marshall,"English, Dutch, Italian","USA, UK",2001,2001-08-03,111,6.3,52.0,123037,G,0.575,0.575,2000,usa_other
tt0368933,movie,The Princess Diaries 2: Royal Engagement,Garry Marshall,"English, Greek, French, Spanish",USA,2004,2004-08-11,113,5.8,43.0,70904,G,0.505,0.505,2000,usa
tt0293737,series,The Proud Family,,English,USA,2001,2001-09-15,30,6.4,,5951,TV-Y,,0.64,2000,usa
tt0448090,movie,The Proud Family Movie,Bruce W. Smith,English,USA,2005,2005-08-19,90,5.4,,1430,TV-G,,0.54,2000,usa
tt0034091,movie,The Reluctant Dragon,"Alfred L. Werker, Hamilton Luske, Jack Cutting, Ub Iwerks, Jack Kinney",English,USA,1941,1941-06-20,74,6.9,,2403,Approved,,0.6900000000000001,1940,usa
tt0816401,series,The Replacements,,English,USA,2006,2006-07-28,22,5.8,,2409,TV-Y,,0.58,2000,usa
tt0076618,movie,The Rescuers,"John Lounsbery, Wolfgang Reitherman, Art Stevens",English,USA,1977,1977-06-22,78,6.9,74.0,55743,G,0.7150000000000001,0.7150000000000001,1970,usa
tt0100477,movie,The Rescuers Down Under,"Hendel Butoy, Mike Gabriel",English,USA,1990,1990-11-16,77,6.9,70.0,36509,G,0.6950000000000001,0.6950000000000001,1990,usa
tt0102803,movie,The Rocketeer,Joe Johnston,"English, German",USA,1991,1991-06-21,108,6.5,61.0,50945,PG,0.63,0.63,1990,usa
tt0265662,movie,The Rookie,John Lee Hancock,English,USA,2002,2002-03-29,127,6.9,72.0,31236,G,0.7050000000000001,0.7050000000000001,2000,usa
tt0817307,movie,The Sandlot: Heading Home,William Dear,English,"USA, Canada",2007,2007-05-01,96,5.0,,1746,PG,,0.5,2000,usa_other
tt0111070,movie,The Santa Clause,John Pasquin,"English, Spanish","USA, Canada",1994,1994-11-11,97,6.5,57.0,91389,PG,0.61,0.61,1990,usa_other
tt0304669,movie,The Santa Clause 2,Michael Lembeck,English,"USA, Canada",2002,2002-11-01,104,5.6,48.0,47866,G,0.52,0.52,2000,usa_other
tt0452681,movie,The Santa Clause 3: The Escape Clause,Michael Lembeck,English,"USA, Canada",2006,2006-11-03,97,4.7,32.0,31254,G,0.395,0.395,2000,usa_other
tt0313634,movie,The Scream Team,Stuart Gillard,English,USA,2002,2002-10-11,100,6.7,,774,TV-PG,,0.67,2000,usa
tt0496386,movie,The Secret of the Magic Gourd,Frankie Chung,"Mandarin, English","China, Hong Kong, USA",2007,2007-06-29,84,5.3,,490,G,,0.53,2000,usa_other
tt0075200,movie,The Shaggy D.A.,Robert Stevenson,English,USA,1976,1976-12-17,91,5.9,60.0,2468,G,0.595,0.595,1970,usa
tt0053271,movie,The Shaggy Dog,Charles Barton,English,USA,1959,1959-03-19,104,6.5,45.0,4080,Approved,0.55,0.55,1950,usa
tt0054307,movie,The Sign of Zorro,"Lewis R. Foster, Norman Foster",English,USA,1958,1960-06-11,91,7.1,,645,Approved,,0.71,1950,usa
,,,,,,,,,,,,,,,,
tt0096697,series,The Simpsons,,"English, Spanish, Albanian, French, Japanese, German, Russian, Hindi, Swahili, Italian, Swedish, Turkish, Cantonese, Mandarin, Hebrew, Arabic, Klingon, Bengali, Czech",USA,1989,1989-12-17,22,8.7,,328282,TV-PG,,0.8699999999999999,1980,usa
tt0078281,movie,The Small One,Don Bluth,English,USA,1978,1978-12-16,26,7.8,,1181,G,,0.78,1970,usa
tt0059742,movie,The Sound of Music,Robert Wise,"English, German",USA,1965,1965-04-01,172,8.0,63.0,194154,G,0.7150000000000001,0.7150000000000001,1960,usa
tt0045197,movie,The Story of Robin Hood and His Merrie Men,Ken Annakin,English,UK,1952,1952-06-26,84,6.7,64.0,1281,Approved,0.655,0.655,1950,other
tt0166896,movie,The Straight Story,David Lynch,English,"France, UK, USA",1999,1999-11-03,112,8.0,86.0,77452,G,0.8300000000000001,0.8300000000000001,1990,usa_other
tt0073760,movie,The Strongest Man in the World,Vincent McEveety,English,USA,1975,1975-02-06,92,6.1,63.0,2531,G,0.62,0.62,1970,usa
tt1754799,movie,The Suite Life Movie,Sean McNamara,English,USA,2011,2011-03-25,79,5.3,,3051,Not Rated,,0.53,2010,usa
tt0426371,series,The Suite Life of Zack & Cody,,English,USA,2005,2005-03-18,30,6.5,,30964,TV-G,,0.65,2000,usa
tt1181917,series,The Suite Life on Deck,,English,USA,2008,2008-09-26,30,6.3,,14716,TV-G,,0.63,2000,usa
tt1388589,series,The Super Hero Squad Show,,English,USA,2009,2009-09-14,,6.1,,1410,TV-Y7,,0.61,2000,usa
tt5653444,movie,The Swap,Jay Karas,English,USA,2016,2016-10-07,100,6.1,,1522,TV-G,,0.61,2010,usa
tt0057546,movie,The Sword in the Stone,"Wolfgang Reitherman, Clyde Geronimi, David Hand",English,USA,1963,1964-06-21,79,7.2,61.0,85169,G,0.665,0.665,1960,usa
tt0200208,movie,The Thirteenth Year,Duwayne Dunham,English,USA,1999,1999-05-15,95,6.0,,4525,TV-G,,0.6,1990,usa
tt0038166,movie,The Three Caballeros,"Norman Ferguson, Clyde Geronimi, Jack Kinney, Bill Roberts, Harold Young","English, Spanish, Portuguese",USA,1944,1945-02-22,71,6.5,85.0,11541,Approved,0.75,0.75,1940,usa
tt0108333,movie,The Three Musketeers,Stephen Herek,English,"Austria, UK, USA",1993,1993-11-12,105,6.4,43.0,48683,PG,0.535,0.535,1990,usa_other
tt0220099,movie,The Tigger Movie,Jun Falkenstein,English,"USA, Japan",2000,2000-02-11,77,6.3,53.0,16402,G,0.5800000000000001,0.5800000000000001,2000,usa_other
tt0027126,movie,The Tortoise and the Hare,Wilfred Jackson,English,USA,1935,1935-01-05,9,7.2,,2028,Approved,,0.72,1930,usa
tt0061135,movie,The Ugly Dachshund,Norman Tokar,"English, Japanese",USA,1966,1966-02-16,93,6.7,,3244,Not Rated,,0.67,1960,usa
tt0032071,movie,Ugly Duckling,"Jack Cutting, Clyde Geronimi",,USA,1939,1939-04-07,9,7.6,,2421,Approved,,0.76,1930,usa
tt0256466,movie,The Ultimate Christmas Present,Greg Beeman,English,"Canada, USA",2000,2000-12-01,85,5.9,,1478,TV-G,,0.5900000000000001,2000,usa_other
tt0047642,movie,The Vanishing Prairie,James Algar,English,USA,1954,1955-07-11,71,7.7,,341,Approved,,0.77,1950,usa
tt0405469,movie,The Wild,Steve 'Spaz' Williams,English,"Canada, USA",2006,2006-04-14,82,5.3,47.0,23206,G,0.5,0.5,2000,usa_other
tt0025997,movie,The Wise Little Hen,Wilfred Jackson,English,USA,1934,1934-06-07,8,7.1,,1567,,,0.71,1930,usa
tt2448374,movie,The Wizards Return: Alex vs. Alex,Victor Gonzalez,"English, Italian",USA,2013,2013-03-15,60,6.5,,4934,TV-G,,0.65,2010,usa
tt6897772,movie,The Little Mermaid Live!,"Hamish Hamilton, Ron Clements, John Musker",English,USA,2019,2019-11-05,83,5.5,,645,TV-PG,,0.55,2010,usa
tt10196390,series,The World According to Jeff Goldblum,,,,2019,2019-11-12,,7.9,,1121,TV-PG,,0.79,2010,
tt0318850,movie,The Young Black Stallion,Simon Wincer,English,USA,2003,2003-12-25,50,5.6,51.0,1008,G,0.5349999999999999,0.5349999999999999,2000,usa
tt0059796,movie,Those Calloways,Norman Tokar,English,USA,1965,1965-03-01,131,6.8,,423,Approved,,0.6799999999999999,1960,usa
,,,,,,,,,,,,,,,,
tt0301935,movie,Three Days,Michael Switzer,English,USA,2001,2001-12-09,100,7.2,,867,TV-G,,0.72,2000,usa
tt0024660,movie,Three Little Pigs,Burt Gillett,English,USA,1933,1933-05-27,9,7.5,,4805,Passed,,0.75,1930,usa
,,,,,,,,,,,,,,,,
tt0094137,movie,Three Men and a Baby,Leonard Nimoy,English,USA,1987,1987-11-25,102,6.0,61.0,45155,PG,0.605,0.605,1980,usa
tt0098966,movie,Three Men and a Little Lady,Emile Ardolino,English,USA,1990,1990-11-21,104,5.4,51.0,21881,PG,0.525,0.525,1990,usa
,,,,,,,,,,,,,,,,
tt0111419,movie,Thumbelina,"Don Bluth, Gary Goldman",English,"Ireland, USA, Canada, UK, Denmark, Spain, Poland, Hungary",1994,1994-03-30,86,6.3,,14576,G,,0.63,1990,usa_other
tt0397113,movie,Tiger Cruise,Duwayne Dunham,English,USA,2004,2004-08-06,88,6.2,,1166,TV-PG,,0.62,2000,usa
tt0107688,movie,The Nightmare Before Christmas,Henry Selick,English,USA,1993,1993-10-29,76,8.0,82.0,281155,PG,0.81,0.81,1990,usa
tt6820324,movie,Timmy Failure: Mistakes Were Made,Tom McCarthy,English,USA,2020,2020-02-07,99,6.1,60.0,1300,PG,0.605,0.605,2020,usa
tt0112197,series,Timon & Pumbaa,,"English, Telugu",USA,1995,1995-09-08,22,7.1,,8549,TV-Y,,0.71,1990,usa
tt0096273,movie,Tin Toy,John Lasseter,English,USA,1988,1988-12-30,5,6.5,,9253,G,,0.65,1980,usa
tt0823671,movie,Tinker Bell,Bradley Raymond,English,USA,2008,2008-10-28,78,6.8,,11194,G,,0.6799999999999999,2000,usa
tt1216515,movie,Tinker Bell and the Great Fairy Rescue,Bradley Raymond,English,USA,2010,2010-09-21,76,6.9,,7103,G,,0.6900000000000001,2010,usa
tt1216516,movie,Tinker Bell and the Lost Treasure,Klay Hall,English,USA,2009,2009-10-27,81,6.7,,9233,G,,0.67,2000,usa
tt7620568,movie,Titanic: 20 Years Later with James Cameron,Thomas C. Grane,English,USA,2017,2017-11-26,46,7.2,,273,,,0.72,2010,usa
tt0028390,movie,Toby Tortoise Returns,Wilfred Jackson,English,USA,1936,1936-08-22,7,7.0,,532,APPROVED,,0.7,1930,usa
tt5116302,movie,Togo,Ericson Core,English,USA,2019,2019-12-20,113,8.1,69.0,24630,PG,0.75,0.75,2010,usa
tt0112302,movie,Tom and Huck,Peter Hewitt,English,USA,1995,1995-12-22,97,5.5,,9519,PG,,0.55,1990,usa
tt0114709,movie,Toy Story,John Lasseter,English,USA,1995,1995-11-22,81,8.3,95.0,846332,G,0.89,0.89,1990,usa
tt0120363,movie,Toy Story 2,"John Lasseter, Ash Brannon(co-director), Lee Unkrich(co-director)","English, Arabic, Spanish",USA,1999,1999-11-24,92,7.9,88.0,504561,G,0.835,0.835,1990,usa
tt0435761,movie,Toy Story 3,Lee Unkrich,"English, Spanish",USA,2010,2010-06-18,103,8.3,92.0,729086,G,0.875,0.875,2010,usa
tt1979376,movie,Toy Story 4,Josh Cooley,English,USA,2019,2019-06-21,100,7.8,84.0,172068,G,0.81,0.81,2010,usa
tt1850374,movie,Toy Story Toons: Hawaiian Vacation,Gary Rydstrom,"English, Spanish",USA,2011,2011-06-24,6,7.3,,7148,G,,0.73,2010,usa
,,,,,,,,,,,,,,,,
tt2033372,movie,Toy Story Toons: Small Fry,"Angus MacLane, Dylan Brown",English,USA,2011,2011-11-23,7,7.1,,5326,G,,0.71,2010,usa
tt1247700,movie,Trail of the Panda,Zhong Yu,Mandarin,China,2009,,87,6.4,,139,G,,0.64,2000,other
tt0043063,movie,Trailer Horn,Jack Hannah,English,USA,1950,1950-04-28,6,7.1,,359,,,0.71,1950,usa
tt0043067,movie,Treasure Island,Byron Haskin,English,UK,1950,1950-07-19,96,6.9,89.0,6611,PG,0.79,0.79,1950,other
tt0075347,movie,Treasure of Matecumbe,Vincent McEveety,English,USA,1976,1976-07-01,117,6.3,,412,G,,0.63,1970,usa
tt0133240,movie,Treasure Planet,"Ron Clements, John Musker",English,USA,2002,2002-11-27,95,7.2,60.0,96646,PG,0.6599999999999999,0.6599999999999999,2000,usa
,,,,,,,,,,,,,,,,
tt0084827,movie,TRON,Steven Lisberger,English,USA,1982,1982-07-09,96,6.8,58.0,110110,PG,0.6299999999999999,0.6299999999999999,1980,usa
tt1812523,series,TRON: Uprising,,English,USA,2012,2012-05-20,30,8.2,,7409,TV-Y7,,0.82,2010,usa
tt1104001,movie,TRON: Legacy,Joseph Kosinski,English,USA,2010,2010-12-17,125,6.8,49.0,306175,PG,0.585,0.585,2010,usa
tt0296251,movie,Tru Confessions,Paul Hoen,English,"USA, Canada",2002,2002-04-05,112,7.5,,2866,TV-G,,0.75,2000,usa_other
tt0283084,movie,Tuck Everlasting,Jay Russell,"English, French",USA,2002,2002-10-11,90,6.6,66.0,20533,PG,0.6599999999999999,0.6599999999999999,2000,usa
tt0033188,movie,Tugboat Mickey,Clyde Geronimi,English,USA,1940,1940-04-26,7,7.1,,650,,,0.71,1940,usa
tt0098536,movie,Turner & Hooch,Roger Spottiswoode,English,USA,1989,1989-07-28,97,6.2,36.0,61665,PG,0.49,0.49,1980,usa
tt8174114,series,Tutankhamen's Treasures,,English,UK,2018,2018-03-24,,7.4,,31,,,0.74,2010,other
tt0282223,movie,'Twas the Night,Nick Castle,English,USA,2001,2001-12-07,84,5.5,,719,TV-G,,0.55,2000,usa
tt0467421,movie,Twitches,Stuart Gillard,English,USA,2005,2005-10-14,86,5.7,,6703,TV-PG,,0.5700000000000001,2000,usa
tt1017465,movie,Twitches Too,Stuart Gillard,English,USA,2007,2007-10-12,83,5.8,,3961,TV-PG,,0.58,2000,usa
tt0080062,movie,Unidentified Flying Oddball,Russ Mayberry,English,USA,1979,1979-07-26,93,5.3,66.0,917,G,0.595,0.595,1970,usa
,,,,,,,,,,,,,,,,
tt2181679,series,Unlikely Animal Friends,,English,USA,2012,2012-01-13,,7.7,,72,,,0.77,2010,usa
tt1049413,movie,Up,"Pete Docter, Bob Peterson(co-director)",English,USA,2009,2009-05-29,96,8.2,88.0,895906,PG,0.85,0.85,2000,usa
tt0211174,movie,"Up, Up, and Away!",Robert Townsend,English,"Canada, USA",2000,2000-01-22,90,5.6,,1736,TV-G,,0.5599999999999999,2000,usa_other
tt0361089,movie,Valiant,Gary Chapman,English,"UK, USA",2005,2005-08-19,76,5.5,45.0,20118,G,0.5,0.5,2000,usa_other
tt10538348,movie,Viking Warrior Women,"David Bartlett, Sebastian Peiter","English, Swedish, German",UK,2019,2019-06-07,51,7.1,,14,,,0.71,2010,other
tt2171665,series,Violetta,,Spanish,Argentina,2012,2012-05-14,45,5.2,,1892,TV-G,,0.52,2010,other
tt1159961,movie,Waking Sleeping Beauty,Don Hahn,English,USA,2009,2010-10-06,86,7.6,70.0,2253,PG,0.73,0.73,2000,usa
tt0910970,movie,WALL·E,Andrew Stanton,English,USA,2008,2008-06-27,98,8.4,95.0,955757,G,0.895,0.895,2000,usa
,,,,,,,,,,,,,,,,
tt0045314,movie,Water Birds,Ben Sharpsteen,English,USA,1952,1952-06-26,30,6.9,,111,APPROVED,,0.6900000000000001,1950,usa
tt0790781,movie,Wendy Wu: Homecoming Warrior,John Laing,"English, Mandarin, Cantonese",USA,2006,2006-06-16,91,5.4,,5328,TV-PG,,0.54,2000,usa
tt0185007,movie,Whispers: An Elephant's Tale,Dereck Joubert,English,USA,2000,2000-03-10,72,5.0,30.0,252,G,0.4,0.4,2000,usa
tt0103247,movie,White Fang,Randal Kleiser,English,USA,1991,1991-01-18,107,6.7,62.0,18897,PG,0.645,0.645,1990,usa
tt0096438,movie,Who Framed Roger Rabbit,"Robert Zemeckis, Richard Williams",English,USA,1988,1988-06-22,104,7.7,83.0,175505,PG,0.8,0.8,1980,usa
tt2191567,series,Wicked Tuna,,English,USA,2012,2012-04-01,60,6.6,,677,TV-14,,0.6599999999999999,2010,usa
,,,,,,,,,,,,,,,,
,,,,,,,,,,,,,,,,
,,,,,,,,,,,,,,,,
tt0096446,movie,Willow,Ron Howard,English,USA,1988,1988-05-20,126,7.3,47.0,97309,PG,0.6,0.6,1980,usa
tt9536850,movie,Wind,Edwin Chang,English,USA,2019,,,,,,,,,2010,usa
tt2543062,movie,Winged Seduction: Birds of Paradise,Molly Hermann,English,USA,2012,2012-11-22,,6.5,,10,,,0.65,2010,usa
tt1449283,movie,Winnie the Pooh,"Stephen J. Anderson, Don Hall",English,USA,2011,2011-07-15,63,7.2,74.0,20673,G,0.73,0.73,2010,usa
tt0324572,movie,Winnie the Pooh: A Very Merry Pooh Year,"Gary Katona, Ed Wexler, Jamie Mitchell",English,USA,2002,2002-11-12,65,6.8,,1781,G,,0.6799999999999999,2000,usa
tt0384696,movie,Winnie the Pooh: Springtime with Roo,"Saul Blinkoff, Elliot M. Bour","English, Arabic",USA,2003,2004-03-09,65,6.5,,1634,G,,0.65,2000,usa
tt0042047,movie,Winter Storage,Jack Hannah,English,USA,1949,1949-06-03,7,7.4,,595,Approved,,0.74,1940,usa
tt0799922,series,Wizards of Waverly Place,,English,USA,2007,2007-10-12,22,6.8,,27826,TV-G,,0.6799999999999999,2000,usa
tt1369845,movie,Wizards of Waverly Place: The Movie,Lev L. Spiro,English,USA,2009,2009-08-28,94,6.2,,14540,TV-G,,0.62,2000,usa
tt0772145,series,Wolverine and the X-Men,,English,USA,2008,2009-01-23,23,8.0,,9497,TV-Y7,,0.8,2000,usa
tt6959706,series,BarkFest,,English,USA,2017,,35,,,,,,,2010,usa
tt1772341,movie,Wreck-It Ralph,Rich Moore,English,USA,2012,2012-11-02,101,7.7,72.0,365043,PG,0.745,0.745,2010,usa
tt0247827,series,X-Men: Evolution,,English,USA,2000,2000-11-04,23,7.9,,9763,TV-Y7,,0.79,2000,usa
,,,,,,,,,,,,,,,,
tt6945708,series,Year Million,,English,USA,2017,2017-05-15,,7.5,,324,,,0.75,2010,usa
tt0206446,movie,Yellowstone Cubs,Charles L. Draper,English,USA,1963,1963-06-01,48,6.9,,177,Not Rated,,0.6900000000000001,1960,usa
tt0153992,movie,You Lucky Dog,Paul Schneider,English,USA,1998,1998-06-27,89,4.7,,526,TV-G,,0.47000000000000003,1990,usa
tt0329783,movie,You Wish!,Paul Hoen,English,"New Zealand, USA",2003,2003-01-10,84,6.1,,1608,TV-G,,0.61,2000,usa_other
tt1134859,movie,Your Friend the Rat,Jim Capobianco,English,USA,2007,2007-11-06,11,7.1,,4944,G,,0.71,2000,usa
tt6878820,movie,Z-O-M-B-I-E-S,Paul Hoen,English,USA,2018,2018-02-16,94,6.3,,2993,TV-G,,0.63,2010,usa
tt3544734,movie,Zapped,Peter DeLuise,English,"Canada, USA",2014,2014-06-23,102,5.1,,3750,TV-G,,0.51,2010,usa_other
tt0186726,movie,Zenon: Girl of the 21st Century,Kenneth Johnson,English,USA,1999,1999-01-23,97,6.4,,6378,TV-G,,0.64,1990,usa
tt0271271,movie,Zenon: The Zequel,Manny Coto,English,"USA, New Zealand",2001,2001-01-12,100,5.9,,3318,TV-G,,0.5900000000000001,2000,usa_other
tt0379060,movie,Zenon: Z3,Steve Rash,English,USA,2004,2004-06-11,81,5.5,,2339,TV-G,,0.55,2000,usa
tt2948356,movie,Zootopia,"Byron Howard, Rich Moore, Jared Bush(co-director)",English,USA,2016,2016-03-04,108,8.0,78.0,410437,PG,0.79,0.79,2010,usa
